conv_mean,conv_std,conv_median,conv_percentile_25,conv_percentile_75,conv_max,conv_min,conv_skewness,conv_kurtosis,total_clusters,total_time_span,average_time_gap
0.06135514111281837,0.019518196116602732,0.06085236466641132,0.04988840869779032,0.06110412025696519,0.2746918270374156,0.03324128730309725,7.135202948619968,68.25880840994527,5,29.50461983680725,7.376154959201813
