conv_mean,conv_std,conv_median,conv_percentile_25,conv_percentile_75,conv_max,conv_min,conv_skewness,conv_kurtosis,total_clusters,total_time_span,average_time_gap
0.05690230996652414,0.01613642743190809,0.05420954784753069,0.05357001820343852,0.06529459998351571,0.24564985385667817,0.029540628064186843,6.538302689785212,66.89179987362778,0,0,0
