conv_mean,conv_std,conv_median,conv_percentile_25,conv_percentile_75,conv_max,conv_min,conv_skewness,conv_kurtosis,total_clusters,total_time_span,average_time_gap
0.05921152911840664,0.01805944428257243,0.05680446002769646,0.05124276941542179,0.06110677050495629,0.27211447963726876,0.030954684049104935,6.8847465302089335,69.34135478164077,5,27.126845836639404,6.781711459159851
