conv_mean,conv_std,conv_median,conv_percentile_25,conv_percentile_75,conv_max,conv_min,conv_skewness,conv_kurtosis,total_clusters,total_time_span,average_time_gap
0.05741712944593908,0.017065309611058368,0.05403261374282238,0.05380999352466381,0.06508148546680984,0.2560535528184064,0.029444210647207855,6.493986439182141,64.95332555058407,2,0.02172398567199707,0.02172398567199707
