conv_mean,conv_std,conv_median,conv_percentile_25,conv_percentile_75,conv_max,conv_min,conv_skewness,conv_kurtosis,total_clusters,total_time_span,average_time_gap
0.059838909415795366,0.01843305125845942,0.05844130019666097,0.04791175306044546,0.0586830808427279,0.26729350658520323,0.0319242162708601,7.004623912985115,69.21263473881928,5,29.450008869171143,7.362502217292786
