conv_mean,conv_std,conv_median,conv_percentile_25,conv_percentile_75,conv_max,conv_min,conv_skewness,conv_kurtosis,total_clusters,total_time_span,average_time_gap
0.055637612188236686,0.01527335839824553,0.05250363756269882,0.05228731689192839,0.06323985623303936,0.23738060696994928,0.028611019476105164,6.495076948450077,68.4946639948655,0,0,0
