conv_mean,conv_std,conv_median,conv_percentile_25,conv_percentile_75,conv_max,conv_min,conv_skewness,conv_kurtosis,total_clusters,total_time_span,average_time_gap
0.06032237194460149,0.01829164784761342,0.05935595260910777,0.048661609760652765,0.05960151731286105,0.2745324476603329,0.0324788957833121,7.411789934976306,76.09050717564548,5,29.452856063842773,7.363214015960693
