conv_mean,conv_std,conv_median,conv_percentile_25,conv_percentile_75,conv_max,conv_min,conv_skewness,conv_kurtosis,total_clusters,total_time_span,average_time_gap
0.05787135685099105,0.017586639692598587,0.055481864503054076,0.050505668632996874,0.059684002976565065,0.26561913564272477,0.03023395672293895,6.8072117341216,68.3094387397542,4,23.652734994888306,7.884244998296102
