conv_mean,conv_std,conv_median,conv_percentile_25,conv_percentile_75,conv_max,conv_min,conv_skewness,conv_kurtosis,total_clusters,total_time_span,average_time_gap
0.05808069694966739,0.016969002989498036,0.055890759761678184,0.049661794477845564,0.05823838368438213,0.25270724362476216,0.03045677766928216,6.65537386329927,66.7788253517606,2,6.551443815231323,6.551443815231323
