conv_mean,conv_std,conv_median,conv_percentile_25,conv_percentile_75,conv_max,conv_min,conv_skewness,conv_kurtosis,total_clusters,total_time_span,average_time_gap
0.05912589723967657,0.018233107966945453,0.056356695394171416,0.05151101162632496,0.06161812954147167,0.2715828802751591,0.030710681857157817,6.550200578194331,63.38164828141683,3,3.578399896621704,1.789199948310852
