conv_mean,conv_std,conv_median,conv_percentile_25,conv_percentile_75,conv_max,conv_min,conv_skewness,conv_kurtosis,total_clusters,total_time_span,average_time_gap
0.05944530631167577,0.019072811951562286,0.057761509821147146,0.04735444258831558,0.058000478069891837,0.2804057550912497,0.03155287314718346,7.000658923281486,68.30160286866501,5,26.45327401161194,6.613318502902985
