conv_mean,conv_std,conv_median,conv_percentile_25,conv_percentile_75,conv_max,conv_min,conv_skewness,conv_kurtosis,total_clusters,total_time_span,average_time_gap
0.056767640410570884,0.01662498497071665,0.05314881050881131,0.05292983165565686,0.06401695752071446,0.253233941683242,0.028913514710816622,6.426662784908397,65.02779142374658,1,0.0,0
