TotalPackets, totalPacketsIn, totalPacketsOut, totalBytes, totalBytesIn, totalBytesOut, minPacketSize, maxPacketSize, meanPacketSizes, stdevPacketSizes, variancePacketSizes, kurtosisPacketSizes, skewPacketSizes, p10PacketSizes, p20PacketSizes, p30PacketSizes, p40PacketSizes, p50PacketSizes, p60PacketSizes, p70PacketSizes, p80PacketSizes, p90PacketSizes, minPacketSizeOut, maxPacketSizeOut, meanPacketSizesOut, stdevPacketSizesOut, variancePacketSizesOut, skewPacketSizesOut, kurtosisPacketSizesOut, p10PacketSizesOut, p20PacketSizesOut, p30PacketSizesOut, p40PacketSizesOut, p50PacketSizesOut, p60PacketSizesOut, p70PacketSizesOut, p80PacketSizesOut, p90PacketSizesOut, maxIPT, minIPT, meanPacketTimes, stdevPacketTimes, variancePacketTimes, kurtosisPacketTimes, skewPacketTimes, p10PacketTimes, p20PacketTimes, p30PacketTimes, p40PacketTimes, p50PacketTimes, p60PacketTimes, p70PacketTimes, p80PacketTimes, p90PacketTimes, minPacketTimesOut, maxPacketTimesOut, meanPacketTimesOut, stdevPacketTimesOut, variancePacketTimesOut, skewPacketTimesOut, kurtosisPacketTimesOut, p10PacketTimesOut, p20PacketTimesOut, p30PacketTimesOut, p40PacketTimesOut, p50PacketTimesOut, p60PacketTimesOut, p70PacketTimesOut, p80PacketTimesOut, p90PacketTimesOut, Class
242, 118, 124, 24641, 11444, 13197, 95, 739, 101.82231404958678, 47.03846498381515, 2212.617188033604, 142.08369254470875, 11.312964659196872, 95.0, 95.0, 95.0, 95.0, 95.0, 95.0, 95.0, 95.0, 95.0, 95, 739, 106.4274193548387, 64.66154730434374, 4181.115699791883, 8.268807208937213, 73.88989409931607, 95.0, 95.0, 95.0, 95.0, 95.0, 95.0, 95.0, 95.0, 95.0, 323.3520984649658, 0.19598007202148438, 78.60506223939761, 76.29888822018032, 5821.5203436355705, -1.5669449959433308, 0.3363789171577774, 7.014036178588867, 10.780096054077148, 10.947942733764648, 13.362884521484375, 18.27216148376465, 161.6370677947998, 164.14713859558105, 164.17789459228516, 164.19196128845215, 5.939960479736328, 323.3520984649658, 19.645494799460135, 36.28701904696338, 1316.7477513146832, 6.007666280485171, 41.089056856347305, 7.040977478027344, 10.719680786132812, 10.787558555603027, 10.898685455322266, 10.96642017364502, 11.087560653686523, 14.475345611572266, 14.779949188232422, 22.41988182067871, cap10reordering.pcap
