TotalPackets, totalPacketsIn, totalPacketsOut, totalBytes, totalBytesIn, totalBytesOut, minPacketSize, maxPacketSize, meanPacketSizes, stdevPacketSizes, variancePacketSizes, kurtosisPacketSizes, skewPacketSizes, p10PacketSizes, p20PacketSizes, p30PacketSizes, p40PacketSizes, p50PacketSizes, p60PacketSizes, p70PacketSizes, p80PacketSizes, p90PacketSizes, minPacketSizeOut, maxPacketSizeOut, meanPacketSizesOut, stdevPacketSizesOut, variancePacketSizesOut, skewPacketSizesOut, kurtosisPacketSizesOut, p10PacketSizesOut, p20PacketSizesOut, p30PacketSizesOut, p40PacketSizesOut, p50PacketSizesOut, p60PacketSizesOut, p70PacketSizesOut, p80PacketSizesOut, p90PacketSizesOut, maxIPT, minIPT, meanPacketTimes, stdevPacketTimes, variancePacketTimes, kurtosisPacketTimes, skewPacketTimes, p10PacketTimes, p20PacketTimes, p30PacketTimes, p40PacketTimes, p50PacketTimes, p60PacketTimes, p70PacketTimes, p80PacketTimes, p90PacketTimes, minPacketTimesOut, maxPacketTimesOut, meanPacketTimesOut, stdevPacketTimesOut, variancePacketTimesOut, skewPacketTimesOut, kurtosisPacketTimesOut, p10PacketTimesOut, p20PacketTimesOut, p30PacketTimesOut, p40PacketTimesOut, p50PacketTimesOut, p60PacketTimesOut, p70PacketTimesOut, p80PacketTimesOut, p90PacketTimesOut, Class
116, 56, 60, 11822, 5504, 6318, 95, 390, 101.91379310344827, 31.61802436779868, 999.6994649227111, 57.91625144977884, 7.101165744144911, 95.0, 95.0, 95.0, 95.0, 95.0, 95.0, 95.0, 95.0, 104.0, 95, 390, 105.3, 41.39456486061907, 1713.5099999999993, 5.652035940848677, 34.67055062104044, 95.0, 95.0, 95.0, 95.0, 95.0, 95.0, 95.0, 95.0, 104.0, 162.42408752441406, 0.186920166015625, 72.79854857403299, 72.07628895775886, 5194.991429922352, -1.8226830205297957, 0.370787546829819, 11.677169799804688, 13.353395462036133, 13.393354415893555, 13.416051864624023, 18.609046936035156, 126.98931694030762, 161.63296699523926, 161.64345741271973, 161.659574508667, 0.2999305725097656, 132.08889961242676, 20.732184251149494, 25.237324428954174, 636.9225443322871, 3.896059321097254, 13.818015347193711, 13.199639320373535, 13.345527648925781, 13.370990753173828, 13.391828536987305, 13.401985168457031, 13.415098190307617, 13.42775821685791, 18.814039230346683, 24.84884262084961, capAng1.pcap
