TotalPackets, totalPacketsIn, totalPacketsOut, totalBytes, totalBytesIn, totalBytesOut, minPacketSize, maxPacketSize, meanPacketSizes, stdevPacketSizes, variancePacketSizes, kurtosisPacketSizes, skewPacketSizes, p10PacketSizes, p20PacketSizes, p30PacketSizes, p40PacketSizes, p50PacketSizes, p60PacketSizes, p70PacketSizes, p80PacketSizes, p90PacketSizes, minPacketSizeOut, maxPacketSizeOut, meanPacketSizesOut, stdevPacketSizesOut, variancePacketSizesOut, skewPacketSizesOut, kurtosisPacketSizesOut, p10PacketSizesOut, p20PacketSizesOut, p30PacketSizesOut, p40PacketSizesOut, p50PacketSizesOut, p60PacketSizesOut, p70PacketSizesOut, p80PacketSizesOut, p90PacketSizesOut, maxIPT, minIPT, meanPacketTimes, stdevPacketTimes, variancePacketTimes, kurtosisPacketTimes, skewPacketTimes, p10PacketTimes, p20PacketTimes, p30PacketTimes, p40PacketTimes, p50PacketTimes, p60PacketTimes, p70PacketTimes, p80PacketTimes, p90PacketTimes, minPacketTimesOut, maxPacketTimesOut, meanPacketTimesOut, stdevPacketTimesOut, variancePacketTimesOut, skewPacketTimesOut, kurtosisPacketTimesOut, p10PacketTimesOut, p20PacketTimesOut, p30PacketTimesOut, p40PacketTimesOut, p50PacketTimesOut, p60PacketTimesOut, p70PacketTimesOut, p80PacketTimesOut, p90PacketTimesOut, Class
144, 70, 74, 15088, 6805, 8283, 95, 739, 104.77777777777777, 59.927553999767596, 3591.3117283950614, 87.7269689769752, 9.020126436850386, 95.0, 95.0, 95.0, 95.0, 95.0, 95.0, 95.0, 95.0, 101.30000000000015, 95, 739, 111.93243243243244, 82.41413731404586, 6792.090029218406, 6.481852658739543, 44.057066138394845, 95.0, 95.0, 95.0, 95.0, 95.0, 95.0, 95.0, 95.0, 101.30000000000003, 161.91506385803223, 0.20503997802734375, 75.3751117866356, 72.58369591140669, 5268.392912159557, -1.8697835794851119, 0.3079773868087248, 9.522533416748047, 13.265466690063477, 13.41252326965332, 13.55900764465332, 18.218994140625, 151.84016227722168, 161.614990234375, 161.63859367370605, 161.65456771850586, 1.9900798797607422, 151.900053024292, 19.589163161612845, 23.719359982794966, 562.6080379934152, 4.856960450843629, 23.607243348725802, 9.615683555603027, 13.224172592163086, 13.369512557983398, 13.398551940917969, 13.429045677185059, 13.482522964477539, 16.38364791870117, 17.31882095336914, 24.84745979309082, capAngCart2.pcap
