TotalPackets, totalPacketsIn, totalPacketsOut, totalBytes, totalBytesIn, totalBytesOut, minPacketSize, maxPacketSize, meanPacketSizes, stdevPacketSizes, variancePacketSizes, kurtosisPacketSizes, skewPacketSizes, p10PacketSizes, p20PacketSizes, p30PacketSizes, p40PacketSizes, p50PacketSizes, p60PacketSizes, p70PacketSizes, p80PacketSizes, p90PacketSizes, minPacketSizeOut, maxPacketSizeOut, meanPacketSizesOut, stdevPacketSizesOut, variancePacketSizesOut, skewPacketSizesOut, kurtosisPacketSizesOut, p10PacketSizesOut, p20PacketSizesOut, p30PacketSizesOut, p40PacketSizesOut, p50PacketSizesOut, p60PacketSizesOut, p70PacketSizesOut, p80PacketSizesOut, p90PacketSizesOut, maxIPT, minIPT, meanPacketTimes, stdevPacketTimes, variancePacketTimes, kurtosisPacketTimes, skewPacketTimes, p10PacketTimes, p20PacketTimes, p30PacketTimes, p40PacketTimes, p50PacketTimes, p60PacketTimes, p70PacketTimes, p80PacketTimes, p90PacketTimes, minPacketTimesOut, maxPacketTimesOut, meanPacketTimesOut, stdevPacketTimesOut, variancePacketTimesOut, skewPacketTimesOut, kurtosisPacketTimesOut, p10PacketTimesOut, p20PacketTimesOut, p30PacketTimesOut, p40PacketTimesOut, p50PacketTimesOut, p60PacketTimesOut, p70PacketTimesOut, p80PacketTimesOut, p90PacketTimesOut, Class
52, 24, 28, 6287, 2435, 3852, 95, 678, 120.90384615384616, 89.99749133584537, 8099.548446745562, 26.785790101338616, 5.072769078796917, 95.0, 95.0, 95.0, 95.0, 95.0, 95.0, 95.0, 104.0, 168.0, 95, 678, 137.57142857142858, 119.25944963201287, 14222.816326530616, 3.6305794079450457, 12.78954899233915, 95.0, 95.0, 95.0, 95.0, 95.0, 95.0, 95.0, 142.4000000000001, 170.0, 349.85995292663574, 0.18787384033203125, 56.7479180354698, 75.86209290383383, 5755.057139749915, 2.335511526670148, 1.6043406488538903, 0.2129077911376953, 10.311126708984375, 13.313055038452148, 13.386011123657227, 16.906023025512695, 24.856090545654297, 27.621984481811523, 161.64588928222656, 161.69404983520508, 0.2989768981933594, 349.85995292663574, 29.78982244219099, 61.976981242627666, 3841.146203949021, 4.905473714074785, 22.408257979186075, 13.251876831054688, 13.326215744018555, 13.36829662322998, 13.39879035949707, 15.1749849319458, 18.726301193237305, 24.478077888488766, 26.11041069030762, 27.5331974029541, capCart1.pcap
