conv_mean,conv_std,conv_median,conv_percentile_25,conv_percentile_75,conv_max,conv_min,conv_skewness,conv_kurtosis
0.05955842478380302,0.018171755559589556,0.05845891575617157,0.04792619477092168,0.05870076928051715,0.2711507429093633,0.03198804751654814,7.567322566018885,79.13534834467464
