conv_mean,conv_std,conv_median,conv_percentile_25,conv_percentile_75,conv_max,conv_min,conv_skewness,conv_kurtosis
0.05976024343456678,0.018301430054299888,0.058781367394479964,0.048190549314995466,0.05902455495084013,0.2724576945014347,0.03216448935086165,7.507691051421416,77.68422258396527
