conv_mean,conv_std,conv_median,conv_percentile_25,conv_percentile_75,conv_max,conv_min,conv_skewness,conv_kurtosis
0.05988316349280208,0.018480393194257407,0.05889249502630212,0.04828165474276895,0.05913614233476442,0.2731618192299772,0.03217068651148253,7.510748566583465,77.68285539455943
