conv_mean,conv_std,conv_median,conv_percentile_25,conv_percentile_75,conv_max,conv_min,conv_skewness,conv_kurtosis
0.05752590981867971,0.016968331622400745,0.05413281954549783,0.053909786468584006,0.06520218187660325,0.25637267651455464,0.029498816200366755,6.412668008432233,63.74673542417773
