conv_mean,conv_std,conv_median,conv_percentile_25,conv_percentile_75,conv_max,conv_min,conv_skewness,conv_kurtosis
0.061202730836055576,0.019301861801194815,0.06067221071060514,0.049740713629159015,0.060923220976539606,0.27575295373447817,0.03314287618240257,7.149757760258619,69.08719946330248
