conv_mean,conv_std,conv_median,conv_percentile_25,conv_percentile_75,conv_max,conv_min,conv_skewness,conv_kurtosis
0.059879077270055286,0.018319766700771022,0.058489095799148155,0.04795093718359186,0.05873107418297263,0.27242760859180526,0.03200456168955834,7.015262592407161,69.46164582106367
