conv_mean,conv_std,conv_median,conv_percentile_25,conv_percentile_75,conv_max,conv_min,conv_skewness,conv_kurtosis
0.06102869478501293,0.019752812936093933,0.05898919553510978,0.04836093242624316,0.05923324290844769,0.28374925249533817,0.03222351024993955,6.652920423341991,62.39585664124027
