conv_mean,conv_std,conv_median,conv_percentile_25,conv_percentile_75,conv_max,conv_min,conv_skewness,conv_kurtosis
0.06078266992720747,0.019378774650839058,0.06061597865637234,0.049694613075485214,0.06086675628165104,0.2914157070798905,0.03311215879153957,7.734710837699374,79.04847844055512
