conv_mean,conv_std,conv_median,conv_percentile_25,conv_percentile_75,conv_max,conv_min,conv_skewness,conv_kurtosis
0.06107544756327837,0.0197993595959801,0.06052113896089663,0.049616860936934744,0.06077152421977061,0.28744141378988597,0.033060351543253846,7.249454779743314,70.00405446334766
