conv_mean,conv_std,conv_median,conv_percentile_25,conv_percentile_75,conv_max,conv_min,conv_skewness,conv_kurtosis
0.06076305081813113,0.019189685270392772,0.06062373032199856,0.049700968099895014,0.06087454001711,0.28413235769005624,0.033172609192050624,7.843464564808933,80.94656477878739
