conv_mean,conv_std,conv_median,conv_percentile_25,conv_percentile_75,conv_max,conv_min,conv_skewness,conv_kurtosis
0.05960932876041956,0.01861528914396601,0.05930328806425254,0.04861843394732121,0.05954863488668496,0.2731530776492554,0.03239508681985969,7.605180706444725,77.43627674124406
