conv_mean,conv_std,conv_median,conv_percentile_25,conv_percentile_75,conv_max,conv_min,conv_skewness,conv_kurtosis
0.060473519582396544,0.01877463068150097,0.05773281558270121,0.05255473079693133,0.06321356364836167,0.27672774354871643,0.03146057659480281,6.633447272789418,64.50979165646179
