conv_mean,conv_std,conv_median,conv_percentile_25,conv_percentile_75,conv_max,conv_min,conv_skewness,conv_kurtosis
0.061584174218656314,0.01946836793708969,0.06109705114953547,0.050089009271652,0.06134981904569811,0.27642609963004033,0.033374950041255444,7.0736550015497075,67.47906885624273
