TotalPackets, totalPacketsIn, totalPacketsOut, totalBytes, totalBytesIn, totalBytesOut, minPacketSize, maxPacketSize, meanPacketSizes, stdevPacketSizes, variancePacketSizes, kurtosisPacketSizes, skewPacketSizes, p10PacketSizes, p20PacketSizes, p30PacketSizes, p40PacketSizes, p50PacketSizes, p60PacketSizes, p70PacketSizes, p80PacketSizes, p90PacketSizes, minPacketSizeOut, maxPacketSizeOut, meanPacketSizesOut, stdevPacketSizesOut, variancePacketSizesOut, skewPacketSizesOut, kurtosisPacketSizesOut, p10PacketSizesOut, p20PacketSizesOut, p30PacketSizesOut, p40PacketSizesOut, p50PacketSizesOut, p60PacketSizesOut, p70PacketSizesOut, p80PacketSizesOut, p90PacketSizesOut, maxIPT, minIPT, meanPacketTimes, stdevPacketTimes, variancePacketTimes, kurtosisPacketTimes, skewPacketTimes, p10PacketTimes, p20PacketTimes, p30PacketTimes, p40PacketTimes, p50PacketTimes, p60PacketTimes, p70PacketTimes, p80PacketTimes, p90PacketTimes, minPacketTimesOut, maxPacketTimesOut, meanPacketTimesOut, stdevPacketTimesOut, variancePacketTimesOut, skewPacketTimesOut, kurtosisPacketTimesOut, p10PacketTimesOut, p20PacketTimesOut, p30PacketTimesOut, p40PacketTimesOut, p50PacketTimesOut, p60PacketTimesOut, p70PacketTimesOut, p80PacketTimesOut, p90PacketTimesOut, Class
242, 118, 124, 24646, 11444, 13202, 95, 744, 101.84297520661157, 47.31859807073273, 2239.0497233795513, 142.9735535514888, 11.351308017039363, 95.0, 95.0, 95.0, 95.0, 95.0, 95.0, 95.0, 95.0, 95.0, 95, 744, 106.46774193548387, 65.05635714193167, 4232.329604578564, 8.29451004837213, 74.32610725385703, 95.0, 95.0, 95.0, 95.0, 95.0, 95.0, 95.0, 95.0, 95.0, 238.11697959899902, 0.186920166015625, 78.2353561448853, 73.528874356018, 5406.495364063081, -1.8605938357058778, 0.25808250959687706, 9.459972381591797, 13.275146484375, 13.443946838378906, 13.53597640991211, 18.074989318847656, 161.5920066833496, 161.6370677947998, 161.64898872375488, 161.65614128112793, 8.415937423706055, 238.11697959899902, 21.00827424756942, 30.452551402076097, 927.3578868960869, 5.018277001096302, 26.53828236270911, 9.472990036010742, 13.25225830078125, 13.289642333984375, 13.349008560180664, 13.460397720336914, 13.498592376708984, 16.086363792419434, 17.40102767944336, 24.371504783630375, cap.pcap
