conv_mean,conv_std,conv_median,conv_percentile_25,conv_percentile_75,conv_max,conv_min,conv_skewness,conv_kurtosis,total_clusters,total_time_span,average_time_gap
0.06583755891330084,0.019622481520716578,0.06182505945185056,0.06156682005255035,0.07446737126861207,0.28278707444389095,0.033633485845592684,6.241362344437481,60.52425696005841,4,26.002048015594482,8.667349338531494
