conv_mean,conv_std,conv_median,conv_percentile_25,conv_percentile_75,conv_max,conv_min,conv_skewness,conv_kurtosis,total_clusters,total_time_span,average_time_gap
0.06873899164338004,0.01897713008860928,0.06510942597382838,0.06453128398305397,0.07842334225097404,0.2891375973445403,0.035420215949988454,6.164317298546945,63.252895438011436,3,23.602658987045288,11.801329493522644
