conv_mean,conv_std,conv_median,conv_percentile_25,conv_percentile_75,conv_max,conv_min,conv_skewness,conv_kurtosis,total_clusters,total_time_span,average_time_gap
0.07296312157955408,0.021853428394667897,0.07117362379608198,0.05835005511957721,0.07146808002286739,0.3233515209297566,0.038879390964966516,6.626938287694272,64.74836612221016,3,23.052685022354126,11.526342511177063
