conv_mean,conv_std,conv_median,conv_percentile_25,conv_percentile_75,conv_max,conv_min,conv_skewness,conv_kurtosis,total_clusters,total_time_span,average_time_gap
0.06851736006329474,0.021936801000021454,0.06627417281606798,0.05433335315202584,0.0665483592607073,0.3043913906630808,0.03620301086787585,6.503407388625493,59.70848983780619,4,25.423285961151123,8.474428653717041
