conv_mean,conv_std,conv_median,conv_percentile_25,conv_percentile_75,conv_max,conv_min,conv_skewness,conv_kurtosis,total_clusters,total_time_span,average_time_gap
0.06710676570515908,0.02081109490916772,0.0641235288869509,0.05736712373866538,0.06680340417137058,0.2914065921793907,0.03502819747933546,6.329505986198811,59.14490047361978,4,25.452069997787476,8.484023332595825
