conv_mean,conv_std,conv_median,conv_percentile_25,conv_percentile_75,conv_max,conv_min,conv_skewness,conv_kurtosis,total_clusters,total_time_span,average_time_gap
0.059768512234619445,0.018762342577397586,0.056298183975828586,0.052965436103988336,0.0655795678613111,0.25796232378578754,0.03062680716640908,6.24269133486146,56.692973707643574,3,18.454155206680298,9.227077603340149
