conv_mean,conv_std,conv_median,conv_percentile_25,conv_percentile_75,conv_max,conv_min,conv_skewness,conv_kurtosis,total_clusters,total_time_span,average_time_gap
0.06283238344292434,0.01612213180610762,0.0592787768278382,0.05903454184982291,0.07140041144361077,0.26823906540629416,0.03224828118339103,6.280524041515013,71.10453559662628,3,23.60292887687683,11.801464438438416
