conv_mean,conv_std,conv_median,conv_percentile_25,conv_percentile_75,conv_max,conv_min,conv_skewness,conv_kurtosis,total_clusters,total_time_span,average_time_gap
0.06006041090043233,0.021883583612241873,0.056676446988657536,0.04986139056564573,0.0569409435429957,0.26076995252250634,0.030960145394458856,5.922741739559071,46.91956815615048,6,14.00198221206665,2.80039644241333
