conv_mean,conv_std,conv_median,conv_percentile_25,conv_percentile_75,conv_max,conv_min,conv_skewness,conv_kurtosis,total_clusters,total_time_span,average_time_gap
0.07312566722216857,0.022043671196357917,0.07117107904315538,0.05834796886253965,0.07146552474190661,0.31920401303121954,0.03887800086511399,6.611038042976227,64.44433830653395,3,23.0552339553833,11.52761697769165
