conv_mean,conv_std,conv_median,conv_percentile_25,conv_percentile_75,conv_max,conv_min,conv_skewness,conv_kurtosis,total_clusters,total_time_span,average_time_gap
0.07040019603504623,0.019433967882817618,0.06631337057161774,0.06604015230581718,0.07987347574288342,0.2944840681993237,0.03607517453713162,5.960302477660846,59.55304860252015,3,23.602513790130615,11.801256895065308
