conv_mean,conv_std,conv_median,conv_percentile_25,conv_percentile_75,conv_max,conv_min,conv_skewness,conv_kurtosis,total_clusters,total_time_span,average_time_gap
0.05427483177384168,0.015952814168945437,0.05203162840040165,0.04663859500628303,0.055972449594842925,0.23841265960353109,0.02830575583499364,6.62928017917839,65.90077304473895,0,0,0
