conv_mean,conv_std,conv_median,conv_percentile_25,conv_percentile_75,conv_max,conv_min,conv_skewness,conv_kurtosis,total_clusters,total_time_span,average_time_gap
0.05332236263403762,0.014784896189049337,0.04932328788000474,0.04912007059422975,0.059409171997795905,0.22600284875519613,0.026832389964172983,6.433589732475889,66.90049908159764,0,0,0
