conv_mean,conv_std,conv_median,conv_percentile_25,conv_percentile_75,conv_max,conv_min,conv_skewness,conv_kurtosis,total_clusters,total_time_span,average_time_gap
0.06695809762496559,0.02059395128995537,0.06407701694922449,0.05742562322832558,0.06718619500745351,0.2921607523264319,0.03500440538658789,6.423090821305563,60.53161005251643,4,25.426128149032593,8.47537604967753
