TotalPackets, totalPacketsIn, totalPacketsOut, totalBytes, totalBytesIn, totalBytesOut, minPacketSize, maxPacketSize, meanPacketSizes, stdevPacketSizes, variancePacketSizes, kurtosisPacketSizes, skewPacketSizes, p10PacketSizes, p20PacketSizes, p30PacketSizes, p40PacketSizes, p50PacketSizes, p60PacketSizes, p70PacketSizes, p80PacketSizes, p90PacketSizes, minPacketSizeOut, maxPacketSizeOut, meanPacketSizesOut, stdevPacketSizesOut, variancePacketSizesOut, skewPacketSizesOut, kurtosisPacketSizesOut, p10PacketSizesOut, p20PacketSizesOut, p30PacketSizesOut, p40PacketSizesOut, p50PacketSizesOut, p60PacketSizesOut, p70PacketSizesOut, p80PacketSizesOut, p90PacketSizesOut, maxIPT, minIPT, meanPacketTimes, stdevPacketTimes, variancePacketTimes, kurtosisPacketTimes, skewPacketTimes, p10PacketTimes, p20PacketTimes, p30PacketTimes, p40PacketTimes, p50PacketTimes, p60PacketTimes, p70PacketTimes, p80PacketTimes, p90PacketTimes, minPacketTimesOut, maxPacketTimesOut, meanPacketTimesOut, stdevPacketTimesOut, variancePacketTimesOut, skewPacketTimesOut, kurtosisPacketTimesOut, p10PacketTimesOut, p20PacketTimesOut, p30PacketTimesOut, p40PacketTimesOut, p50PacketTimesOut, p60PacketTimesOut, p70PacketTimesOut, p80PacketTimesOut, p90PacketTimesOut, Class
112, 54, 58, 11427, 5299, 6128, 95, 390, 102.02678571428571, 31.771353848752714, 1009.4189253826538, 58.38752611866763, 7.135468183699354, 95.0, 95.0, 95.0, 95.0, 95.0, 95.0, 95.0, 95.0, 104.0, 95, 390, 105.65517241379311, 42.05724822689365, 1768.8121284185488, 5.550051651539952, 33.382821401003795, 95.0, 95.0, 95.0, 95.0, 95.0, 95.0, 95.0, 95.0, 104.0, 161.69190406799316, 0.17595291137695312, 70.53468463657138, 71.48757087137184, 5110.472789089412, -1.7464045015752214, 0.4443040651887252, 8.836030960083008, 13.036966323852539, 13.41700553894043, 13.655900955200195, 17.966032028198242, 51.68581008911133, 161.60821914672852, 161.62586212158203, 161.65995597839355, 0.3018379211425781, 101.84597969055176, 17.25901406386803, 13.579135483802558, 184.39292048746574, 4.433556247756403, 23.85834584671099, 9.52446460723877, 13.005781173706055, 13.381195068359375, 13.415813446044922, 13.447165489196777, 13.880538940429682, 17.183470726013184, 18.409347534179688, 24.861550331115723, capAng3.pcap
