conv_mean,conv_std,conv_median,conv_percentile_25,conv_percentile_75,conv_max,conv_min,conv_skewness,conv_kurtosis
0.06535225401991156,0.019980441973558926,0.06512642301104583,0.05414496520959988,0.06539586103823984,0.2994664307764338,0.03557603965270671,7.642731178806204,79.2548172864772
