conv_mean,conv_std,conv_median,conv_percentile_25,conv_percentile_75,conv_max,conv_min,conv_skewness,conv_kurtosis
0.06941264298738313,0.02199480568444547,0.06879610504113637,0.05640090116338167,0.06908072510721569,0.31475397021334983,0.0375806446560121,7.199506529983172,69.93833737094495
