conv_mean,conv_std,conv_median,conv_percentile_25,conv_percentile_75,conv_max,conv_min,conv_skewness,conv_kurtosis
0.07088357483115883,0.02394480923843247,0.06919008569567443,0.056723897122870945,0.06947633572030826,0.3165564992246792,0.037795861011221246,6.399884912060497,55.79003889106034
