conv_mean,conv_std,conv_median,conv_percentile_25,conv_percentile_75,conv_max,conv_min,conv_skewness,conv_kurtosis
0.07109298072645663,0.02370212854895322,0.06874706665891112,0.056360698175909565,0.069031483845662,0.31619050950665095,0.03755385688923649,6.656504620019268,60.91631911917857
