conv_mean,conv_std,conv_median,conv_percentile_25,conv_percentile_75,conv_max,conv_min,conv_skewness,conv_kurtosis
0.07277808679415272,0.02433004006135474,0.07138982648840242,0.058527303914018836,0.07168517717897381,0.32662069032296004,0.03899749411265066,6.6977086435093405,60.439166035963645
