conv_mean,conv_std,conv_median,conv_percentile_25,conv_percentile_75,conv_max,conv_min,conv_skewness,conv_kurtosis
0.07272788482972475,0.024571936206766853,0.07141991327259037,0.0585519698706205,0.07171538843681471,0.32860506229302117,0.039013929356255424,6.874953750010397,62.61427520468199
