conv_mean,conv_std,conv_median,conv_percentile_25,conv_percentile_75,conv_max,conv_min,conv_skewness,conv_kurtosis
0.06695915815617426,0.021697332528852396,0.06593821665822291,0.05405792723885068,0.0662110132005736,0.3032716788421831,0.036019491045344826,6.98283574801044,66.81173510191424
