conv_mean,conv_std,conv_median,conv_percentile_25,conv_percentile_75,conv_max,conv_min,conv_skewness,conv_kurtosis
0.077955631350483,0.02451954595266613,0.07728068990118174,0.06335679251533545,0.07760041199959382,0.3517604576529648,0.04221544438033497,7.037075160107986,68.56119933380661
