conv_mean,conv_std,conv_median,conv_percentile_25,conv_percentile_75,conv_max,conv_min,conv_skewness,conv_kurtosis
0.0657957908520246,0.02046103616045623,0.06545900199316407,0.05442146553901582,0.06572981595075138,0.2993750247798037,0.03575771465508614,7.541708087804257,77.21935340798572
