conv_mean,conv_std,conv_median,conv_percentile_25,conv_percentile_75,conv_max,conv_min,conv_skewness,conv_kurtosis
0.07399387690748314,0.02206855393826836,0.0741121974820149,0.06075917703022192,0.07441881104003542,0.3373383511104218,0.04048461982814881,7.683478342578205,81.29008899326278
