corr_mean,corr_std,corr_median,corr_percentile_25,corr_percentile_75,corr_max,corr_min,corr_skewness,corr_kurtosis,num_clusters,total_length,average_length,total_time,average_time_gap
-0.003025128844078626,0.22908793795700816,0.0,-2.910016906495027e-17,2.910016906495027e-17,0.940217768679347,-0.9402177686793468,-0.06715927036631124,5.714960312711195,0,0,0,0,0
