corr_mean,corr_std,corr_median,corr_percentile_25,corr_percentile_75,corr_max,corr_min,corr_skewness,corr_kurtosis,num_clusters,total_length,average_length,total_time,average_time_gap
-0.0019912431250381827,0.5404160151639782,0.0,-1.788686200928595e-17,0.0,1.0,-1.0,0.008926040944041157,0.173339938078938,1,2.878638982772827,2.878638982772827,2.878638982772827,0
