corr_mean,corr_std,corr_median,corr_percentile_25,corr_percentile_75,corr_max,corr_min,corr_skewness,corr_kurtosis,num_clusters,total_length,average_length,total_time,average_time_gap
-0.002657192678024325,0.22325514253042558,0.0,-3.1092956553273866e-17,1.5546478276636933e-17,0.940217768679347,-0.940217768679347,-0.05614000977161598,5.724547432701312,0,0,0,0,0
