corr_mean,corr_std,corr_median,corr_percentile_25,corr_percentile_75,corr_max,corr_min,corr_skewness,corr_kurtosis,num_clusters,total_length,average_length,total_time,average_time_gap
-0.0006969819940821571,0.19675042842994245,0.0,-3.147825122542173e-17,1.5739125612710864e-17,0.940217768679347,-0.9402177686793471,0.022628066762082278,8.529390503883214,0,0,0,0,0
