corr_mean,corr_std,corr_median,corr_percentile_25,corr_percentile_75,corr_max,corr_min,corr_skewness,corr_kurtosis,num_clusters,total_length,average_length,total_time,average_time_gap
-0.0013775549867304734,0.6481414377060247,0.0,-0.0738465034162282,3.705520926304515e-17,1.0,-1.0,0.005500581401890555,-0.7108951985940846,2,4.991074800491333,2.4955374002456665,30.922072887420654,25.93099808692932
