TotalPackets, totalPacketsIn, totalPacketsOut, totalBytes, totalBytesIn, totalBytesOut, minPacketSize, maxPacketSize, meanPacketSizes, stdevPacketSizes, variancePacketSizes, kurtosisPacketSizes, skewPacketSizes, p10PacketSizes, p20PacketSizes, p30PacketSizes, p40PacketSizes, p50PacketSizes, p60PacketSizes, p70PacketSizes, p80PacketSizes, p90PacketSizes, minPacketSizeOut, maxPacketSizeOut, meanPacketSizesOut, stdevPacketSizesOut, variancePacketSizesOut, skewPacketSizesOut, kurtosisPacketSizesOut, p10PacketSizesOut, p20PacketSizesOut, p30PacketSizesOut, p40PacketSizesOut, p50PacketSizesOut, p60PacketSizesOut, p70PacketSizesOut, p80PacketSizesOut, p90PacketSizesOut, maxIPT, minIPT, meanPacketTimes, stdevPacketTimes, variancePacketTimes, kurtosisPacketTimes, skewPacketTimes, p10PacketTimes, p20PacketTimes, p30PacketTimes, p40PacketTimes, p50PacketTimes, p60PacketTimes, p70PacketTimes, p80PacketTimes, p90PacketTimes, minPacketTimesOut, maxPacketTimesOut, meanPacketTimesOut, stdevPacketTimesOut, variancePacketTimesOut, skewPacketTimesOut, kurtosisPacketTimesOut, p10PacketTimesOut, p20PacketTimesOut, p30PacketTimesOut, p40PacketTimesOut, p50PacketTimesOut, p60PacketTimesOut, p70PacketTimesOut, p80PacketTimesOut, p90PacketTimesOut, Class
238, 116, 122, 24266, 11254, 13012, 95, 744, 101.95798319327731, 47.706190243291594, 2275.88058752913, 140.55315774080938, 11.25585967836396, 95.0, 95.0, 95.0, 95.0, 95.0, 95.0, 95.0, 95.0, 95.0, 95, 744, 106.65573770491804, 65.57073148695596, 4299.520827734479, 8.225123725343732, 73.06208558790365, 95.0, 95.0, 95.0, 95.0, 95.0, 95.0, 95.0, 95.0, 95.0, 384.2799663543701, 0.18596649169921875, 79.17079744459707, 81.60350324072189, 6659.131741158508, 0.7786938979404128, 0.9376338084211056, 9.295654296875, 13.273429870605469, 13.41257095336914, 13.522100448608398, 19.031047821044922, 148.61726760864252, 161.6410732269287, 161.64798736572266, 161.65790557861328, 2.017974853515625, 152.36401557922363, 18.545610005738304, 22.37385468161694, 500.5893733141123, 5.084337817749973, 26.317941816492233, 9.409379959106445, 13.244771957397461, 13.28573226928711, 13.33608627319336, 13.434410095214844, 13.490676879882812, 16.056776046752926, 17.415761947631836, 24.787259101867676, cap3Loss.pcap
