TotalPackets, totalPacketsIn, totalPacketsOut, totalBytes, totalBytesIn, totalBytesOut, minPacketSize, maxPacketSize, meanPacketSizes, stdevPacketSizes, variancePacketSizes, kurtosisPacketSizes, skewPacketSizes, p10PacketSizes, p20PacketSizes, p30PacketSizes, p40PacketSizes, p50PacketSizes, p60PacketSizes, p70PacketSizes, p80PacketSizes, p90PacketSizes, minPacketSizeOut, maxPacketSizeOut, meanPacketSizesOut, stdevPacketSizesOut, variancePacketSizesOut, skewPacketSizesOut, kurtosisPacketSizesOut, p10PacketSizesOut, p20PacketSizesOut, p30PacketSizesOut, p40PacketSizesOut, p50PacketSizesOut, p60PacketSizesOut, p70PacketSizesOut, p80PacketSizesOut, p90PacketSizesOut, maxIPT, minIPT, meanPacketTimes, stdevPacketTimes, variancePacketTimes, kurtosisPacketTimes, skewPacketTimes, p10PacketTimes, p20PacketTimes, p30PacketTimes, p40PacketTimes, p50PacketTimes, p60PacketTimes, p70PacketTimes, p80PacketTimes, p90PacketTimes, minPacketTimesOut, maxPacketTimesOut, meanPacketTimesOut, stdevPacketTimesOut, variancePacketTimesOut, skewPacketTimesOut, kurtosisPacketTimesOut, p10PacketTimesOut, p20PacketTimesOut, p30PacketTimesOut, p40PacketTimesOut, p50PacketTimesOut, p60PacketTimesOut, p70PacketTimesOut, p80PacketTimesOut, p90PacketTimesOut, Class
242, 118, 124, 24641, 11444, 13197, 95, 739, 101.82231404958678, 47.03846498381515, 2212.617188033604, 142.08369254470875, 11.312964659196872, 95.0, 95.0, 95.0, 95.0, 95.0, 95.0, 95.0, 95.0, 95.0, 95, 739, 106.4274193548387, 64.66154730434374, 4181.115699791883, 8.268807208937213, 73.88989409931607, 95.0, 95.0, 95.0, 95.0, 95.0, 95.0, 95.0, 95.0, 95.0, 475.4600524902344, 0.2999305725097656, 79.23823273528167, 77.18265076622367, 5957.161579300848, 0.7365484720288404, 0.7158939389465511, 13.160943984985352, 13.189077377319336, 13.325929641723633, 13.360977172851562, 18.201112747192383, 161.72099113464355, 161.74912452697754, 161.75508499145508, 161.76295280456543, 8.520126342773438, 475.4600524902344, 22.984783495626143, 47.03131603642688, 2211.9446881182644, 7.737727916919836, 67.59725540885013, 13.169336318969727, 13.180255889892578, 13.193988800048828, 13.266372680664062, 13.335943222045898, 13.35597038269043, 13.375997543334961, 16.162633895874027, 24.644088745117188, cap1bandwidth.pcap
