TotalPackets, totalPacketsIn, totalPacketsOut, totalBytes, totalBytesIn, totalBytesOut, minPacketSize, maxPacketSize, meanPacketSizes, stdevPacketSizes, variancePacketSizes, kurtosisPacketSizes, skewPacketSizes, p10PacketSizes, p20PacketSizes, p30PacketSizes, p40PacketSizes, p50PacketSizes, p60PacketSizes, p70PacketSizes, p80PacketSizes, p90PacketSizes, minPacketSizeOut, maxPacketSizeOut, meanPacketSizesOut, stdevPacketSizesOut, variancePacketSizesOut, skewPacketSizesOut, kurtosisPacketSizesOut, p10PacketSizesOut, p20PacketSizesOut, p30PacketSizesOut, p40PacketSizesOut, p50PacketSizesOut, p60PacketSizesOut, p70PacketSizesOut, p80PacketSizesOut, p90PacketSizesOut, maxIPT, minIPT, meanPacketTimes, stdevPacketTimes, variancePacketTimes, kurtosisPacketTimes, skewPacketTimes, p10PacketTimes, p20PacketTimes, p30PacketTimes, p40PacketTimes, p50PacketTimes, p60PacketTimes, p70PacketTimes, p80PacketTimes, p90PacketTimes, minPacketTimesOut, maxPacketTimesOut, meanPacketTimesOut, stdevPacketTimesOut, variancePacketTimesOut, skewPacketTimesOut, kurtosisPacketTimesOut, p10PacketTimesOut, p20PacketTimesOut, p30PacketTimesOut, p40PacketTimesOut, p50PacketTimesOut, p60PacketTimesOut, p70PacketTimesOut, p80PacketTimesOut, p90PacketTimesOut, Class
116, 56, 60, 11786, 5469, 6317, 95, 390, 101.60344827586206, 30.819518924377814, 949.8427467300822, 64.03620601268223, 7.489992066156863, 95.0, 95.0, 95.0, 95.0, 95.0, 95.0, 95.0, 95.0, 104.0, 95, 390, 105.28333333333333, 41.36951037767898, 1711.4363888888888, 5.660787612895622, 34.76553452515139, 95.0, 95.0, 95.0, 95.0, 95.0, 95.0, 95.0, 95.0, 104.0, 202.16798782348633, 0.186920166015625, 73.70213011036749, 72.52853852064493, 5260.3888999406745, -1.7951787234946794, 0.37302065532426587, 9.58104133605957, 13.219833374023438, 13.409090042114258, 13.583040237426758, 18.69821548461914, 124.32270050048827, 161.60850524902344, 161.6264820098877, 161.6455078125, 0.2999305725097656, 202.16798782348633, 22.484175364176433, 31.24706271310326, 976.3789281966081, 4.3289409341809, 19.123325746201285, 9.614348411560059, 13.206911087036133, 13.35446834564209, 13.408136367797852, 13.428568840026855, 13.579988479614258, 17.15874671936035, 19.51580047607423, 29.094696044921882, capAng2.pcap
