TotalPackets, totalPacketsIn, totalPacketsOut, totalBytes, totalBytesIn, totalBytesOut, minPacketSize, maxPacketSize, meanPacketSizes, stdevPacketSizes, variancePacketSizes, kurtosisPacketSizes, skewPacketSizes, p10PacketSizes, p20PacketSizes, p30PacketSizes, p40PacketSizes, p50PacketSizes, p60PacketSizes, p70PacketSizes, p80PacketSizes, p90PacketSizes, minPacketSizeOut, maxPacketSizeOut, meanPacketSizesOut, stdevPacketSizesOut, variancePacketSizesOut, skewPacketSizesOut, kurtosisPacketSizesOut, p10PacketSizesOut, p20PacketSizesOut, p30PacketSizesOut, p40PacketSizesOut, p50PacketSizesOut, p60PacketSizesOut, p70PacketSizesOut, p80PacketSizesOut, p90PacketSizesOut, maxIPT, minIPT, meanPacketTimes, stdevPacketTimes, variancePacketTimes, kurtosisPacketTimes, skewPacketTimes, p10PacketTimes, p20PacketTimes, p30PacketTimes, p40PacketTimes, p50PacketTimes, p60PacketTimes, p70PacketTimes, p80PacketTimes, p90PacketTimes, minPacketTimesOut, maxPacketTimesOut, meanPacketTimesOut, stdevPacketTimesOut, variancePacketTimesOut, skewPacketTimesOut, kurtosisPacketTimesOut, p10PacketTimesOut, p20PacketTimesOut, p30PacketTimesOut, p40PacketTimesOut, p50PacketTimesOut, p60PacketTimesOut, p70PacketTimesOut, p80PacketTimesOut, p90PacketTimesOut, Class
54, 25, 29, 6528, 2530, 3998, 95, 729, 120.88888888888889, 94.47156473357407, 8924.876543209877, 30.023150084406275, 5.364238729310526, 95.0, 95.0, 95.0, 95.0, 95.0, 95.0, 95.0, 104.0, 168.0, 95, 729, 137.86206896551724, 125.6395292885854, 15785.291319857308, 3.8423182319399785, 14.468655999999946, 95.0, 95.0, 95.0, 95.0, 95.0, 95.0, 95.0, 129.60000000000014, 170.0, 506.55412673950195, 0.1881122589111328, 61.79648975156388, 89.0103540518719, 7922.843128439588, 9.22682156834169, 2.5750882379885502, 0.22759437561035156, 9.59620475769043, 13.378095626831055, 14.501237869262697, 18.074989318847656, 24.88245964050293, 50.565862655639584, 161.61127090454102, 161.64264678955078, 0.2989768981933594, 506.55412673950195, 36.54439695950212, 89.73238188004954, 8051.900357867044, 4.946217167695684, 22.960547021329216, 9.792041778564453, 13.378095626831055, 13.436174392700195, 15.061855316162111, 17.07291603088379, 20.48149108886719, 23.937654495239254, 25.519132614135746, 28.11017036437988, capCart2.pcap
