conv_mean,conv_std,conv_median,conv_percentile_25,conv_percentile_75,conv_max,conv_min,conv_skewness,conv_kurtosis
0.0768059166163562,0.019677281936777282,0.07075604505298498,0.07046452248735996,0.08522461156002273,0.3188080725172983,0.038557377679701244,5.712799433512344,61.90758917832471
