conv_mean,conv_std,conv_median,conv_percentile_25,conv_percentile_75,conv_max,conv_min,conv_skewness,conv_kurtosis
0.08304845734541227,0.032771445509486345,0.07842220326687618,0.06429263593956296,0.07874664798162508,0.35683940074166515,0.0428390088705136,5.532051468650544,40.33639304650935
