conv_mean,conv_std,conv_median,conv_percentile_25,conv_percentile_75,conv_max,conv_min,conv_skewness,conv_kurtosis
0.0692987933113384,0.02096240952882402,0.06291958908922594,0.06266035357054159,0.07578571605620439,0.28521270548767774,0.03428702605054024,5.861658511195654,54.1035323834187
