conv_mean,conv_std,conv_median,conv_percentile_25,conv_percentile_75,conv_max,conv_min,conv_skewness,conv_kurtosis
0.0686288081190865,0.02184003793844124,0.06723782216588899,0.05590034541469991,0.06773661550829926,0.307686428573579,0.03672941514275399,6.6334513327061995,61.04607846347649
