conv_mean,conv_std,conv_median,conv_percentile_25,conv_percentile_75,conv_max,conv_min,conv_skewness,conv_kurtosis
0.07682347599639834,0.01971301234542443,0.07072928653609985,0.07043787421846126,0.08519238132152158,0.32050883268474784,0.03854279605291706,5.7387077438808305,62.359716510279796
