conv_mean,conv_std,conv_median,conv_percentile_25,conv_percentile_75,conv_max,conv_min,conv_skewness,conv_kurtosis
0.06444207806276403,0.015430909017215796,0.06951669134172417,0.057477064085482546,0.0723177106638873,0.2616197965249914,0.03139749147100372,5.789525431791785,65.95936103731594
