conv_mean,conv_std,conv_median,conv_percentile_25,conv_percentile_75,conv_max,conv_min,conv_skewness,conv_kurtosis
0.07583171990202535,0.027577413305773995,0.07216710201792276,0.05916453534290538,0.07246566841688987,0.32837722436466243,0.03942208959603233,5.805068874347982,46.066770900206755
