conv_mean,conv_std,conv_median,conv_percentile_25,conv_percentile_75,conv_max,conv_min,conv_skewness,conv_kurtosis
0.07379203395068863,0.02082425988692732,0.06727546486318842,0.06699828266475089,0.08103230411184933,0.30669015506259617,0.03666069104576099,5.798969424399352,56.8118222569744
