conv_mean,conv_std,conv_median,conv_percentile_25,conv_percentile_75,conv_max,conv_min,conv_skewness,conv_kurtosis,total_clusters,total_time_span,average_time_gap
0.06891725776985869,0.02058718741575532,0.06283790643849957,0.06257900746117913,0.07568733050944107,0.2848424403581322,0.0342425143934574,5.8354021448701765,54.13461309944598,4,19.126250982284546,6.375416994094849
