conv_mean,conv_std,conv_median,conv_percentile_25,conv_percentile_75,conv_max,conv_min,conv_skewness,conv_kurtosis,total_clusters,total_time_span,average_time_gap
0.0664381808828094,0.01618268096986051,0.07070918752148456,0.05846303131181173,0.07355825580536678,0.26610764831834194,0.03199029950134245,5.977329476070128,67.52466023934329,3,17.955161094665527,8.977580547332764
