conv_mean,conv_std,conv_median,conv_percentile_25,conv_percentile_75,conv_max,conv_min,conv_skewness,conv_kurtosis,total_clusters,total_time_span,average_time_gap
0.06861996744089112,0.02252605632850517,0.06707622687505602,0.055765997925683014,0.06757382144789531,0.3034781454114812,0.03664114190113302,6.592398510937644,60.06790796049383,4,19.122697114944458,6.374232371648152
