conv_mean,conv_std,conv_median,conv_percentile_25,conv_percentile_75,conv_max,conv_min,conv_skewness,conv_kurtosis,total_clusters,total_time_span,average_time_gap
0.0694480521537884,0.02109620425249513,0.06343788417388144,0.063176513223338,0.07640999483309416,0.29231051149423115,0.03456946268635884,5.88966695256049,54.010335218344224,4,19.126389026641846,6.375463008880615
