conv_mean,conv_std,conv_median,conv_percentile_25,conv_percentile_75,conv_max,conv_min,conv_skewness,conv_kurtosis,total_clusters,total_time_span,average_time_gap
0.06274841047865004,0.01641614331722183,0.06707101173952669,0.05545495284119077,0.0697734878817807,0.25514982303723416,0.030292890504405152,5.9114180761132795,61.35766137105192,2,8.850713014602661,8.850713014602661
