conv_mean,conv_std,conv_median,conv_percentile_25,conv_percentile_75,conv_max,conv_min,conv_skewness,conv_kurtosis,total_clusters,total_time_span,average_time_gap
0.08643065810784631,0.03527579366160063,0.08079202981943394,0.06623548362091417,0.08112627887106469,0.36950022445697456,0.04413355322756407,5.31080299036821,36.56962914067502,4,18.826701879501343,6.275567293167114
