conv_mean,conv_std,conv_median,conv_percentile_25,conv_percentile_75,conv_max,conv_min,conv_skewness,conv_kurtosis,total_clusters,total_time_span,average_time_gap
0.08539892929742206,0.03399591910555873,0.08028013830601083,0.06581582116127802,0.08061226958373144,0.3671591020773266,0.043853926742069296,5.459446653565975,38.67067125322996,4,19.12675189971924,6.375583966573079
