conv_mean,conv_std,conv_median,conv_percentile_25,conv_percentile_75,conv_max,conv_min,conv_skewness,conv_kurtosis,total_clusters,total_time_span,average_time_gap
0.06402501113875458,0.015276546861209833,0.06904789452278876,0.05708945839992761,0.07183002472749443,0.2582942387327219,0.031238696174382786,5.789683356647805,66.3297696881525,2,1.8751509189605713,1.8751509189605713
