conv_mean,conv_std,conv_median,conv_percentile_25,conv_percentile_75,conv_max,conv_min,conv_skewness,conv_kurtosis,total_clusters,total_time_span,average_time_gap
0.06917023314468528,0.020963471918821672,0.0629669191443336,0.06270748862069829,0.07584272440875779,0.2917618289963574,0.03431281780881361,5.886490546434999,54.051487971399354,4,19.676231861114502,6.558743953704834
