conv_mean,conv_std,conv_median,conv_percentile_25,conv_percentile_75,conv_max,conv_min,conv_skewness,conv_kurtosis,total_clusters,total_time_span,average_time_gap
0.07089771785413915,0.019695490945399626,0.06549349992968898,0.0652236596196919,0.07888595365999256,0.29688017002644773,0.035689637690510964,6.131101145203973,62.9365955870102,3,18.801317930221558,9.400658965110779
