conv_mean,conv_std,conv_median,conv_percentile_25,conv_percentile_75,conv_max,conv_min,conv_skewness,conv_kurtosis,total_clusters,total_time_span,average_time_gap
0.08011481154890882,0.02681958052208866,0.07799059025322397,0.06393878795777282,0.07831324931856155,0.3529751097609678,0.0426032354166927,6.193122976467419,53.53494983570041,3,18.801689863204956,9.400844931602478
