conv_mean,conv_std,conv_median,conv_percentile_25,conv_percentile_75,conv_max,conv_min,conv_skewness,conv_kurtosis,total_clusters,total_time_span,average_time_gap
0.090424416102404,0.034074570460845506,0.08601089478822672,0.07051404978558165,0.08636673508679493,0.3913697253447211,0.04698441680163759,5.690630580636531,43.764767259345156,3,18.251585006713867,9.125792503356934
