conv_mean,conv_std,conv_median,conv_percentile_25,conv_percentile_75,conv_max,conv_min,conv_skewness,conv_kurtosis,total_clusters,total_time_span,average_time_gap
0.0687830461155972,0.02076141916416121,0.06273084201757223,0.06247238415725673,0.07555837299523012,0.289203205268015,0.03418417134572681,5.883599915407802,54.369876283150965,4,19.176146984100342,6.392048994700114
