conv_mean,conv_std,conv_median,conv_percentile_25,conv_percentile_75,conv_max,conv_min,conv_skewness,conv_kurtosis,total_clusters,total_time_span,average_time_gap
0.09103503014112,0.03391572104400653,0.08738644836394611,0.0716417656820368,0.08774797953919088,0.39965962431122076,0.047735828383783235,5.7339318336512415,44.133958525770254,3,18.75587797164917,9.377938985824585
