conv_mean,conv_std,conv_median,conv_percentile_25,conv_percentile_75,conv_max,conv_min,conv_skewness,conv_kurtosis,total_clusters,total_time_span,average_time_gap
0.08616032328480189,0.0352322954035347,0.08047923885220233,0.06597904915537169,0.08081219383950042,0.37015065186184004,0.04396268765044874,5.299999755253579,36.62740306891292,4,18.826964139938354,6.275654713312785
