conv_mean,conv_std,conv_median,conv_percentile_25,conv_percentile_75,conv_max,conv_min,conv_skewness,conv_kurtosis,total_clusters,total_time_span,average_time_gap
0.06276086300279823,0.016368669371559962,0.06705634204438778,0.055442823797196575,0.06975822710414431,0.2523604939010299,0.030286264877967577,5.886250528776292,61.284250256337344,3,25.227255821228027,12.613627910614014
