conv_mean,conv_std,conv_median,conv_percentile_25,conv_percentile_75,conv_max,conv_min,conv_skewness,conv_kurtosis,total_clusters,total_time_span,average_time_gap
0.06521545929345272,0.020623726986556252,0.06437900169836948,0.05352357224648703,0.06464534752865385,0.29293954300434816,0.03516775237040745,7.0118875596934975,68.05991348952229,4,25.652086973190308,8.550695657730103
