conv_mean,conv_std,conv_median,conv_percentile_25,conv_percentile_75,conv_max,conv_min,conv_skewness,conv_kurtosis,total_clusters,total_time_span,average_time_gap
0.06508708453002456,0.019717495153282416,0.06445371980822717,0.05358569157181964,0.06472037475882224,0.2882797475884783,0.035208567976672545,6.989073546321908,68.16234772948695,4,36.93183898925781,12.310612996419271
