conv_mean,conv_std,conv_median,conv_percentile_25,conv_percentile_75,conv_max,conv_min,conv_skewness,conv_kurtosis,total_clusters,total_time_span,average_time_gap
0.0768690143570912,0.02807851693915193,0.07441816138531407,0.06101001448474379,0.07472604076305392,0.342400087555669,0.04065175604495319,6.1597105827004865,50.052514873063814,4,25.652211904525757,8.550737301508585
