conv_mean,conv_std,conv_median,conv_percentile_25,conv_percentile_75,conv_max,conv_min,conv_skewness,conv_kurtosis,total_clusters,total_time_span,average_time_gap
0.06998407873161348,0.02274904369686749,0.06924180344634691,0.056766296728812685,0.06952826743526848,0.3185835167276828,0.03782411241308867,7.178268264569303,68.7865799165264,4,27.72729516029358,9.24243172009786
