conv_mean,conv_std,conv_median,conv_percentile_25,conv_percentile_75,conv_max,conv_min,conv_skewness,conv_kurtosis,total_clusters,total_time_span,average_time_gap
0.07149774280741461,0.024438529747607074,0.0696486059183514,0.057099804359845366,0.06993675291165807,0.3204552265286144,0.03804633283002139,6.353295542067227,54.804059346730384,4,25.652116060256958,8.550705353418985
