conv_mean,conv_std,conv_median,conv_percentile_25,conv_percentile_75,conv_max,conv_min,conv_skewness,conv_kurtosis,total_clusters,total_time_span,average_time_gap
0.06553079493928773,0.019122505124906816,0.06078596733821513,0.06053552257212956,0.07321580015983477,0.27545081237657904,0.033068208752354444,5.898076483993709,56.47613561241828,4,28.627416133880615,9.542472044626871
