conv_mean,conv_std,conv_median,conv_percentile_25,conv_percentile_75,conv_max,conv_min,conv_skewness,conv_kurtosis,total_clusters,total_time_span,average_time_gap
0.07274288896099743,0.024143570757622794,0.07139216674162203,0.058529222516684756,0.07168752711418086,0.32495751885731694,0.03899877250224261,6.806474774707498,62.22800666856965,4,23.126780033111572,7.708926677703857
