conv_mean,conv_std,conv_median,conv_percentile_25,conv_percentile_75,conv_max,conv_min,conv_skewness,conv_kurtosis,total_clusters,total_time_span,average_time_gap
0.0700323813331797,0.01975416594946136,0.06557532283266233,0.06530514540344691,0.07898450813851655,0.29556246198283825,0.03567366876582119,6.029651375051067,60.76423877774505,3,21.773298978805542,10.886649489402771
