conv_mean,conv_std,conv_median,conv_percentile_25,conv_percentile_75,conv_max,conv_min,conv_skewness,conv_kurtosis,total_clusters,total_time_span,average_time_gap
0.0645741919921911,0.016181336806135475,0.05868379812195217,0.05844201452061717,0.07176470782245398,0.26601198566188206,0.03192460647833989,5.710422663120066,62.57063753090142,2,2.3749608993530273,2.3749608993530273
