conv_mean,conv_std,conv_median,conv_percentile_25,conv_percentile_75,conv_max,conv_min,conv_skewness,conv_kurtosis,total_clusters,total_time_span,average_time_gap
0.07081377801502016,0.023974552255226548,0.06911692655739456,0.056663919289462274,0.06940287391142284,0.31800895459237843,0.03775589701068091,6.417739593169271,56.07377557038713,4,25.652204036712646,8.550734678904215
