conv_mean,conv_std,conv_median,conv_percentile_25,conv_percentile_75,conv_max,conv_min,conv_skewness,conv_kurtosis,total_clusters,total_time_span,average_time_gap
0.06534355277675705,0.020596413154781733,0.06455839083345458,0.05367271322535693,0.0648254788241774,0.29525610331682217,0.03526574569919767,7.01488968563639,67.86156285455537,4,25.652098894119263,8.550699631373087
