conv_mean,conv_std,conv_median,conv_percentile_25,conv_percentile_75,conv_max,conv_min,conv_skewness,conv_kurtosis,total_clusters,total_time_span,average_time_gap
0.07152906887972187,0.02175837353050297,0.07114012983348221,0.05832259586628037,0.0714344474905936,0.3272396242805013,0.03886109451190668,7.364443095725224,75.87944397844564,3,21.805649042129517,10.902824521064758
