conv_mean,conv_std,conv_median,conv_percentile_25,conv_percentile_75,conv_max,conv_min,conv_skewness,conv_kurtosis,total_clusters,total_time_span,average_time_gap
0.07301901763510847,0.025193985899078227,0.07151142763684305,0.058626995813007204,0.07180728141006545,0.3290261224986136,0.039063920105031735,6.775943553647616,60.57019845704557,4,23.151961088180542,7.717320362726848
