conv_mean,conv_std,conv_median,conv_percentile_25,conv_percentile_75,conv_max,conv_min,conv_skewness,conv_kurtosis,total_clusters,total_time_span,average_time_gap
0.0649588896119013,0.020189286770058698,0.06427519940226815,0.053437272839100124,0.06454111578649073,0.29562291215243336,0.03511104920091945,7.039577040190417,68.75734221267791,4,25.652125120162964,8.550708373387655
