conv_mean,conv_std,conv_median,conv_percentile_25,conv_percentile_75,conv_max,conv_min,conv_skewness,conv_kurtosis,total_clusters,total_time_span,average_time_gap
0.07623972509035054,0.023749281083254303,0.07596492643411146,0.06227809416146431,0.076279205016721,0.3495167977548649,0.04149669381621852,7.373609261312091,74.19953015729568,3,22.451941967010498,11.225970983505249
