TotalPackets, totalPacketsIn, totalPacketsOut, totalBytes, totalBytesIn, totalBytesOut, minPacketSize, maxPacketSize, meanPacketSizes, stdevPacketSizes, variancePacketSizes, kurtosisPacketSizes, skewPacketSizes, p10PacketSizes, p20PacketSizes, p30PacketSizes, p40PacketSizes, p50PacketSizes, p60PacketSizes, p70PacketSizes, p80PacketSizes, p90PacketSizes, minPacketSizeOut, maxPacketSizeOut, meanPacketSizesOut, stdevPacketSizesOut, variancePacketSizesOut, skewPacketSizesOut, kurtosisPacketSizesOut, p10PacketSizesOut, p20PacketSizesOut, p30PacketSizesOut, p40PacketSizesOut, p50PacketSizesOut, p60PacketSizesOut, p70PacketSizesOut, p80PacketSizesOut, p90PacketSizesOut, maxIPT, minIPT, meanPacketTimes, stdevPacketTimes, variancePacketTimes, kurtosisPacketTimes, skewPacketTimes, p10PacketTimes, p20PacketTimes, p30PacketTimes, p40PacketTimes, p50PacketTimes, p60PacketTimes, p70PacketTimes, p80PacketTimes, p90PacketTimes, minPacketTimesOut, maxPacketTimesOut, meanPacketTimesOut, stdevPacketTimesOut, variancePacketTimesOut, skewPacketTimesOut, kurtosisPacketTimesOut, p10PacketTimesOut, p20PacketTimesOut, p30PacketTimesOut, p40PacketTimesOut, p50PacketTimesOut, p60PacketTimesOut, p70PacketTimesOut, p80PacketTimesOut, p90PacketTimesOut, Class
244, 120, 124, 24831, 11634, 13197, 95, 739, 101.76639344262296, 46.849326168073965, 2194.8593624025802, 143.28653376529275, 11.360234457857597, 95.0, 95.0, 95.0, 95.0, 95.0, 95.0, 95.0, 95.0, 95.0, 95, 739, 106.4274193548387, 64.66154730434374, 4181.115699791883, 8.268807208937213, 73.88989409931607, 95.0, 95.0, 95.0, 95.0, 95.0, 95.0, 95.0, 95.0, 95.0, 347.5520610809326, 0.0021457672119140625, 78.0580249833472, 74.96609249988984, 5619.915024702039, -1.3356760195789745, 0.38910947574568533, 9.411478042602539, 13.294315338134766, 13.386917114257812, 13.54985237121582, 17.75503158569336, 161.59000396728516, 161.62691116333008, 161.6380214691162, 161.64588928222656, 1.6360282897949219, 347.5520610809326, 20.669729478897587, 35.731623205058156, 1276.7488968682505, 7.092696473831857, 56.71394303740457, 9.51228141784668, 13.266992568969727, 13.314008712768555, 13.349294662475586, 13.469576835632324, 13.51766586303711, 16.890454292297363, 17.318058013916016, 24.438214302062992, cap2duplicate.pcap
