conv_mean,conv_std,conv_median,conv_percentile_25,conv_percentile_75,conv_max,conv_min,conv_skewness,conv_kurtosis
0.06852208920642663,0.018592048613948475,0.0648942688141242,0.064623209519638,0.0781641886288854,0.28985319988909836,0.03530316818085327,6.181262602840703,64.80638630132273
