conv_mean,conv_std,conv_median,conv_percentile_25,conv_percentile_75,conv_max,conv_min,conv_skewness,conv_kurtosis
0.06621726768667899,0.01958346107443743,0.062166834191718534,0.061660748564618804,0.07487903389651143,0.2827495099280219,0.03381941491671123,6.077765246715942,57.6889382081576
