conv_mean,conv_std,conv_median,conv_percentile_25,conv_percentile_75,conv_max,conv_min,conv_skewness,conv_kurtosis
0.06163327830375702,0.021261814049450937,0.05801766163279569,0.05194854265966484,0.06262287251190503,0.2658410939478839,0.031562221187037,5.975591656379195,49.86975680188846
