conv_mean,conv_std,conv_median,conv_percentile_25,conv_percentile_75,conv_max,conv_min,conv_skewness,conv_kurtosis
0.06188945924032318,0.019695485206748554,0.06085870551220057,0.05059685977380486,0.06111048733580858,0.27657972859383334,0.03324475106128939,6.887395157945445,64.60890508954388
