conv_mean,conv_std,conv_median,conv_percentile_25,conv_percentile_75,conv_max,conv_min,conv_skewness,conv_kurtosis
0.06915616975376288,0.019412526783741772,0.06539052795887727,0.06480988991075301,0.07876192544152122,0.29585413044728937,0.03557313840116172,6.220767932263682,63.56652155192975
