conv_mean,conv_std,conv_median,conv_percentile_25,conv_percentile_75,conv_max,conv_min,conv_skewness,conv_kurtosis
0.06479368563662359,0.01900283385279686,0.061129611729895846,0.06058680867346905,0.07362971475573732,0.2780319761082642,0.03325515493382171,6.292812819358543,61.94768631893416
