conv_mean,conv_std,conv_median,conv_percentile_25,conv_percentile_75,conv_max,conv_min,conv_skewness,conv_kurtosis
0.05692164448945656,0.0173739223281415,0.05389076391736439,0.04967648650206241,0.0606789337069029,0.24428529811077807,0.02931714520767192,6.3019700134610686,58.981316882257275
