conv_mean,conv_std,conv_median,conv_percentile_25,conv_percentile_75,conv_max,conv_min,conv_skewness,conv_kurtosis
0.06492944612726276,0.019389261336043948,0.0643609057323875,0.05350852757792966,0.06462717669687776,0.2939828855756626,0.03515786724585179,7.167976955453403,72.0121750667757
