conv_mean,conv_std,conv_median,conv_percentile_25,conv_percentile_75,conv_max,conv_min,conv_skewness,conv_kurtosis
0.05874941623803489,0.016965715381597402,0.05606159832720946,0.0510334058437123,0.06183609468478185,0.25254062897868634,0.03049810207280057,6.310324529742062,61.854692810966355
