conv_mean,conv_std,conv_median,conv_percentile_25,conv_percentile_75,conv_max,conv_min,conv_skewness,conv_kurtosis
0.06309020368778129,0.01813389278335342,0.059851090053909525,0.05798144766146163,0.07205850499266112,0.27087004840726425,0.032559625627844105,6.429780001992025,65.39652848831737
