conv_mean,conv_std,conv_median,conv_percentile_25,conv_percentile_75,conv_max,conv_min,conv_skewness,conv_kurtosis
0.060695534164862994,0.022874697816716052,0.05775219672053768,0.04734680745742139,0.057991126439552974,0.26571950778599407,0.031547785761430434,5.974177728088388,46.4274161529295
