conv_mean,conv_std,conv_median,conv_percentile_25,conv_percentile_75,conv_max,conv_min,conv_skewness,conv_kurtosis
0.05651681195787787,0.017258365471038917,0.053648721343886374,0.048900584845953665,0.05917468484176134,0.243188126018205,0.029185471489259346,6.354724499278285,59.785768870803935
