TotalPackets, totalPacketsIn, totalPacketsOut, totalBytes, totalBytesIn, totalBytesOut, minPacketSize, maxPacketSize, meanPacketSizes, stdevPacketSizes, variancePacketSizes, kurtosisPacketSizes, skewPacketSizes, p10PacketSizes, p20PacketSizes, p30PacketSizes, p40PacketSizes, p50PacketSizes, p60PacketSizes, p70PacketSizes, p80PacketSizes, p90PacketSizes, minPacketSizeOut, maxPacketSizeOut, meanPacketSizesOut, stdevPacketSizesOut, variancePacketSizesOut, skewPacketSizesOut, kurtosisPacketSizesOut, p10PacketSizesOut, p20PacketSizesOut, p30PacketSizesOut, p40PacketSizesOut, p50PacketSizesOut, p60PacketSizesOut, p70PacketSizesOut, p80PacketSizesOut, p90PacketSizesOut, maxIPT, minIPT, meanPacketTimes, stdevPacketTimes, variancePacketTimes, kurtosisPacketTimes, skewPacketTimes, p10PacketTimes, p20PacketTimes, p30PacketTimes, p40PacketTimes, p50PacketTimes, p60PacketTimes, p70PacketTimes, p80PacketTimes, p90PacketTimes, minPacketTimesOut, maxPacketTimesOut, meanPacketTimesOut, stdevPacketTimesOut, variancePacketTimesOut, skewPacketTimesOut, kurtosisPacketTimesOut, p10PacketTimesOut, p20PacketTimesOut, p30PacketTimesOut, p40PacketTimesOut, p50PacketTimesOut, p60PacketTimesOut, p70PacketTimesOut, p80PacketTimesOut, p90PacketTimesOut, Class
218, 106, 112, 22371, 10304, 12067, 95, 749, 102.61926605504587, 50.09355463505347, 2509.364215975087, 129.24519224474813, 10.80201085743711, 95.0, 95.0, 95.0, 95.0, 95.0, 95.0, 95.0, 95.0, 95.0, 95, 749, 107.74107142857143, 68.7548369124096, 4727.227598852042, 7.893268920039336, 67.13221707898785, 95.0, 95.0, 95.0, 95.0, 95.0, 95.0, 95.0, 95.0, 103.10000000000005, 384.7661018371582, 3.3750534057617188, 88.96093983804026, 85.58740392617983, 7325.2037108230625, -1.3496494006129478, 0.4309982981835581, 13.226461410522461, 13.305187225341797, 13.469886779785156, 17.251253128051758, 25.210857391357422, 182.69920349121088, 186.65213584899902, 186.67311668395996, 186.68546676635742, 3.3750534057617188, 384.7661018371582, 22.054799965449742, 42.05526178048098, 1768.6450434247843, 6.688031981179853, 49.651504036007275, 9.494709968566895, 13.236856460571289, 13.274240493774414, 13.315916061401367, 13.417482376098633, 13.485383987426758, 14.37141895294188, 17.381858825683594, 23.43144416809082, cap25Delay.pcap
