TotalPackets, totalPacketsIn, totalPacketsOut, totalBytes, totalBytesIn, totalBytesOut, minPacketSize, maxPacketSize, meanPacketSizes, stdevPacketSizes, variancePacketSizes, kurtosisPacketSizes, skewPacketSizes, p10PacketSizes, p20PacketSizes, p30PacketSizes, p40PacketSizes, p50PacketSizes, p60PacketSizes, p70PacketSizes, p80PacketSizes, p90PacketSizes, minPacketSizeOut, maxPacketSizeOut, meanPacketSizesOut, stdevPacketSizesOut, variancePacketSizesOut, skewPacketSizesOut, kurtosisPacketSizesOut, p10PacketSizesOut, p20PacketSizesOut, p30PacketSizesOut, p40PacketSizesOut, p50PacketSizesOut, p60PacketSizesOut, p70PacketSizesOut, p80PacketSizesOut, p90PacketSizesOut, maxIPT, minIPT, meanPacketTimes, stdevPacketTimes, variancePacketTimes, kurtosisPacketTimes, skewPacketTimes, p10PacketTimes, p20PacketTimes, p30PacketTimes, p40PacketTimes, p50PacketTimes, p60PacketTimes, p70PacketTimes, p80PacketTimes, p90PacketTimes, minPacketTimesOut, maxPacketTimesOut, meanPacketTimesOut, stdevPacketTimesOut, variancePacketTimesOut, skewPacketTimesOut, kurtosisPacketTimesOut, p10PacketTimesOut, p20PacketTimesOut, p30PacketTimesOut, p40PacketTimesOut, p50PacketTimesOut, p60PacketTimesOut, p70PacketTimesOut, p80PacketTimesOut, p90PacketTimesOut, Class
696, 346, 350, 73838, 35458, 38380, 95, 749, 106.08908045977012, 27.976654805336796, 782.6932140969744, 413.1264351959627, 19.00738283301013, 95.0, 95.0, 104.0, 104.0, 104.0, 104.0, 111.0, 111.0, 111.0, 95, 749, 109.65714285714286, 38.67213308767723, 1495.5338775510202, 14.024607585109186, 218.399207831958, 95.0, 95.0, 111.0, 111.0, 111.0, 111.0, 111.0, 111.0, 111.0, 194.37718391418457, 0.16307830810546875, 32.14916119472586, 50.330032167919775, 2533.112138023839, 2.3399653869918726, 1.9820044277016016, 0.1934051513671875, 0.21271705627441406, 0.22468566894531247, 13.259792327880861, 20.754098892211914, 24.773263931274414, 24.805068969726562, 24.944782257080078, 159.13829803466797, 8.244991302490234, 194.37718391418457, 23.169616290501185, 12.85414551479798, 165.229056915601, 8.850836013332678, 102.85386061141654, 13.39099407196045, 15.9820556640625, 20.969581604003906, 24.62773323059082, 24.780988693237305, 24.795866012573242, 24.808669090270996, 24.82895851135254, 28.5006046295166, capCart2Grip2.pcap
