TotalPackets, totalPacketsIn, totalPacketsOut, totalBytes, totalBytesIn, totalBytesOut, minPacketSize, maxPacketSize, meanPacketSizes, stdevPacketSizes, variancePacketSizes, kurtosisPacketSizes, skewPacketSizes, p10PacketSizes, p20PacketSizes, p30PacketSizes, p40PacketSizes, p50PacketSizes, p60PacketSizes, p70PacketSizes, p80PacketSizes, p90PacketSizes, minPacketSizeOut, maxPacketSizeOut, meanPacketSizesOut, stdevPacketSizesOut, variancePacketSizesOut, skewPacketSizesOut, kurtosisPacketSizesOut, p10PacketSizesOut, p20PacketSizesOut, p30PacketSizesOut, p40PacketSizesOut, p50PacketSizesOut, p60PacketSizesOut, p70PacketSizesOut, p80PacketSizesOut, p90PacketSizesOut, maxIPT, minIPT, meanPacketTimes, stdevPacketTimes, variancePacketTimes, kurtosisPacketTimes, skewPacketTimes, p10PacketTimes, p20PacketTimes, p30PacketTimes, p40PacketTimes, p50PacketTimes, p60PacketTimes, p70PacketTimes, p80PacketTimes, p90PacketTimes, minPacketTimesOut, maxPacketTimesOut, meanPacketTimesOut, stdevPacketTimesOut, variancePacketTimesOut, skewPacketTimesOut, kurtosisPacketTimesOut, p10PacketTimesOut, p20PacketTimesOut, p30PacketTimesOut, p40PacketTimesOut, p50PacketTimesOut, p60PacketTimesOut, p70PacketTimesOut, p80PacketTimesOut, p90PacketTimesOut, Class
60, 27, 33, 7275, 2743, 4532, 95, 714, 121.25, 88.66314999291795, 7861.154166666666, 31.718812064104647, 5.447681478492669, 95.0, 95.0, 95.0, 95.0, 95.0, 95.0, 104.0, 105.0, 169.0, 95, 714, 137.33333333333334, 116.06468067853416, 13471.0101010101, 3.999479886146551, 16.1602158440246, 95.0, 95.0, 95.0, 95.0, 95.0, 95.0, 104.0, 169.0, 169.8, 161.77082061767578, 0.1888275146484375, 50.514746520478845, 64.56659530678766, 4168.845229510495, -0.7686213287108461, 1.046062456921632, 0.2396106719970703, 0.3016948699951172, 11.434459686279293, 13.392400741577148, 15.742063522338867, 22.669315338134766, 33.004474639892564, 161.64727210998535, 161.65823936462402, 0.2980232238769531, 161.35191917419434, 22.65738718437426, 27.940572851302143, 780.6756112589223, 3.8627247472638784, 15.887404974853911, 5.601978302001954, 13.134431838989258, 13.382673263549805, 13.404417037963867, 15.701055526733398, 17.505359649658203, 22.49765396118164, 24.869441986083984, 33.42924118041992, capSeq2.pcap
