TotalPackets, totalPacketsIn, totalPacketsOut, totalBytes, totalBytesIn, totalBytesOut, minPacketSize, maxPacketSize, meanPacketSizes, stdevPacketSizes, variancePacketSizes, kurtosisPacketSizes, skewPacketSizes, p10PacketSizes, p20PacketSizes, p30PacketSizes, p40PacketSizes, p50PacketSizes, p60PacketSizes, p70PacketSizes, p80PacketSizes, p90PacketSizes, minPacketSizeOut, maxPacketSizeOut, meanPacketSizesOut, stdevPacketSizesOut, variancePacketSizesOut, skewPacketSizesOut, kurtosisPacketSizesOut, p10PacketSizesOut, p20PacketSizesOut, p30PacketSizesOut, p40PacketSizesOut, p50PacketSizesOut, p60PacketSizesOut, p70PacketSizesOut, p80PacketSizesOut, p90PacketSizesOut, maxIPT, minIPT, meanPacketTimes, stdevPacketTimes, variancePacketTimes, kurtosisPacketTimes, skewPacketTimes, p10PacketTimes, p20PacketTimes, p30PacketTimes, p40PacketTimes, p50PacketTimes, p60PacketTimes, p70PacketTimes, p80PacketTimes, p90PacketTimes, minPacketTimesOut, maxPacketTimesOut, meanPacketTimesOut, stdevPacketTimesOut, variancePacketTimesOut, skewPacketTimesOut, kurtosisPacketTimesOut, p10PacketTimesOut, p20PacketTimesOut, p30PacketTimesOut, p40PacketTimesOut, p50PacketTimesOut, p60PacketTimesOut, p70PacketTimesOut, p80PacketTimesOut, p90PacketTimesOut, Class
451, 222, 229, 46914, 21841, 25073, 95, 749, 104.02217294900221, 54.63805067469981, 2985.3165815310645, 116.48024270598549, 10.55776831666724, 95.0, 95.0, 95.0, 95.0, 95.0, 95.0, 95.0, 104.0, 111.0, 95, 749, 109.48908296943232, 75.67187333196884, 5726.232413569536, 7.601943364830753, 58.7194462142779, 95.0, 95.0, 95.0, 95.0, 95.0, 95.0, 95.0, 104.80000000000001, 111.0, 161.73505783081055, 0.17118453979492188, 67.94736226399739, 71.22225560757545, 5072.609693830812, -1.6895404933538953, 0.509584561113355, 0.24690628051757812, 12.795686721801767, 13.391685485839844, 13.528203964233398, 20.93648910522461, 26.755142211914062, 161.6016387939453, 161.6380214691162, 161.65120601654053, 0.2658367156982422, 130.7070255279541, 17.249515483473065, 12.152561263026515, 147.68474525161258, 7.085909452276753, 63.41642671404739, 9.474945068359375, 13.228130340576172, 13.373184204101562, 13.411235809326172, 13.438940048217773, 17.145872116088867, 18.17641258239746, 24.645233154296875, 24.83201026916504, capPourWater.pcap
