TotalPackets, totalPacketsIn, totalPacketsOut, totalBytes, totalBytesIn, totalBytesOut, minPacketSize, maxPacketSize, meanPacketSizes, stdevPacketSizes, variancePacketSizes, kurtosisPacketSizes, skewPacketSizes, p10PacketSizes, p20PacketSizes, p30PacketSizes, p40PacketSizes, p50PacketSizes, p60PacketSizes, p70PacketSizes, p80PacketSizes, p90PacketSizes, minPacketSizeOut, maxPacketSizeOut, meanPacketSizesOut, stdevPacketSizesOut, variancePacketSizesOut, skewPacketSizesOut, kurtosisPacketSizesOut, p10PacketSizesOut, p20PacketSizesOut, p30PacketSizesOut, p40PacketSizesOut, p50PacketSizesOut, p60PacketSizesOut, p70PacketSizesOut, p80PacketSizesOut, p90PacketSizesOut, maxIPT, minIPT, meanPacketTimes, stdevPacketTimes, variancePacketTimes, kurtosisPacketTimes, skewPacketTimes, p10PacketTimes, p20PacketTimes, p30PacketTimes, p40PacketTimes, p50PacketTimes, p60PacketTimes, p70PacketTimes, p80PacketTimes, p90PacketTimes, minPacketTimesOut, maxPacketTimesOut, meanPacketTimesOut, stdevPacketTimesOut, variancePacketTimesOut, skewPacketTimesOut, kurtosisPacketTimesOut, p10PacketTimesOut, p20PacketTimesOut, p30PacketTimesOut, p40PacketTimesOut, p50PacketTimesOut, p60PacketTimesOut, p70PacketTimesOut, p80PacketTimesOut, p90PacketTimesOut, Class
122, 58, 64, 13111, 5670, 7441, 95, 678, 107.4672131147541, 60.59123785951252, 3671.2981053480235, 65.37239358684938, 7.726693920023053, 95.0, 95.0, 95.0, 95.0, 95.0, 95.0, 95.0, 95.0, 104.9, 95, 678, 116.265625, 82.10782586550063, 6741.695068359375, 5.593304923600307, 33.180152481936965, 95.0, 95.0, 95.0, 95.0, 95.0, 95.0, 95.0, 95.0, 169.0, 161.729097366333, 0.18405914306640625, 68.91200759194113, 71.30690095619121, 5084.674123976064, -1.7146228417496074, 0.4814068541473295, 0.3669261932373047, 12.059926986694336, 13.36812973022461, 13.420820236206055, 17.245769500732422, 33.92601013183594, 161.62395477294922, 161.65399551391602, 161.66377067565918, 0.263214111328125, 131.27708435058594, 19.151438027620316, 20.79502233261596, 432.4329538139965, 4.409985315865925, 20.1287196221686, 9.562039375305176, 12.728977203369142, 13.34240436553955, 13.374710083007812, 13.404607772827148, 13.437938690185547, 17.070555686950684, 19.256877899169933, 26.68473720550537, capSeq3.pcap
