TotalPackets, totalPacketsIn, totalPacketsOut, totalBytes, totalBytesIn, totalBytesOut, minPacketSize, maxPacketSize, meanPacketSizes, stdevPacketSizes, variancePacketSizes, kurtosisPacketSizes, skewPacketSizes, p10PacketSizes, p20PacketSizes, p30PacketSizes, p40PacketSizes, p50PacketSizes, p60PacketSizes, p70PacketSizes, p80PacketSizes, p90PacketSizes, minPacketSizeOut, maxPacketSizeOut, meanPacketSizesOut, stdevPacketSizesOut, variancePacketSizesOut, skewPacketSizesOut, kurtosisPacketSizesOut, p10PacketSizesOut, p20PacketSizesOut, p30PacketSizesOut, p40PacketSizesOut, p50PacketSizesOut, p60PacketSizesOut, p70PacketSizesOut, p80PacketSizesOut, p90PacketSizesOut, maxIPT, minIPT, meanPacketTimes, stdevPacketTimes, variancePacketTimes, kurtosisPacketTimes, skewPacketTimes, p10PacketTimes, p20PacketTimes, p30PacketTimes, p40PacketTimes, p50PacketTimes, p60PacketTimes, p70PacketTimes, p80PacketTimes, p90PacketTimes, minPacketTimesOut, maxPacketTimesOut, meanPacketTimesOut, stdevPacketTimesOut, variancePacketTimesOut, skewPacketTimesOut, kurtosisPacketTimesOut, p10PacketTimesOut, p20PacketTimesOut, p30PacketTimesOut, p40PacketTimesOut, p50PacketTimesOut, p60PacketTimesOut, p70PacketTimesOut, p80PacketTimesOut, p90PacketTimesOut, Class
150, 71, 79, 16031, 6970, 9061, 95, 719, 106.87333333333333, 58.907192166058024, 3470.0572888888883, 78.49303983253704, 8.341810623986708, 95.0, 95.0, 95.0, 95.0, 95.0, 95.0, 95.0, 95.0, 104.1, 95, 719, 114.69620253164557, 78.8447207210428, 6216.4899855792355, 6.260200599917991, 42.59150768605967, 95.0, 95.0, 95.0, 95.0, 95.0, 95.0, 95.0, 95.0, 169.0, 447.206974029541, 0.17881393432617188, 73.9644837859493, 77.90630936808407, 6069.393039355623, 1.3824862449909032, 0.9771879747080258, 6.957864761352544, 13.166427612304688, 13.369083404541016, 13.467741012573242, 18.41115951538086, 83.35051536560056, 161.63177490234375, 161.6508960723877, 161.66114807128906, 0.2999305725097656, 447.206974029541, 22.264682793919043, 49.983285764819904, 2498.328855847648, 7.8314679969956575, 63.21742688253789, 9.265661239624023, 11.606359481811527, 13.255119323730469, 13.366413116455078, 13.397932052612305, 13.44451904296875, 17.177295684814453, 18.423080444335938, 24.835681915283203, capSeq1.pcap
