TotalPackets, totalPacketsIn, totalPacketsOut, totalBytes, totalBytesIn, totalBytesOut, minPacketSize, maxPacketSize, meanPacketSizes, stdevPacketSizes, variancePacketSizes, kurtosisPacketSizes, skewPacketSizes, p10PacketSizes, p20PacketSizes, p30PacketSizes, p40PacketSizes, p50PacketSizes, p60PacketSizes, p70PacketSizes, p80PacketSizes, p90PacketSizes, minPacketSizeOut, maxPacketSizeOut, meanPacketSizesOut, stdevPacketSizesOut, variancePacketSizesOut, skewPacketSizesOut, kurtosisPacketSizesOut, p10PacketSizesOut, p20PacketSizesOut, p30PacketSizesOut, p40PacketSizesOut, p50PacketSizesOut, p60PacketSizesOut, p70PacketSizesOut, p80PacketSizesOut, p90PacketSizesOut, maxIPT, minIPT, meanPacketTimes, stdevPacketTimes, variancePacketTimes, kurtosisPacketTimes, skewPacketTimes, p10PacketTimes, p20PacketTimes, p30PacketTimes, p40PacketTimes, p50PacketTimes, p60PacketTimes, p70PacketTimes, p80PacketTimes, p90PacketTimes, minPacketTimesOut, maxPacketTimesOut, meanPacketTimesOut, stdevPacketTimesOut, variancePacketTimesOut, skewPacketTimesOut, kurtosisPacketTimesOut, p10PacketTimesOut, p20PacketTimesOut, p30PacketTimesOut, p40PacketTimesOut, p50PacketTimesOut, p60PacketTimesOut, p70PacketTimesOut, p80PacketTimesOut, p90PacketTimesOut, Class
140, 68, 72, 14067, 6609, 7458, 95, 390, 100.47857142857143, 28.180912450284715, 794.1638265306121, 77.77469512923027, 8.239291253204987, 95.0, 95.0, 95.0, 95.0, 95.0, 95.0, 95.0, 95.0, 104.0, 95, 390, 103.58333333333333, 37.982360672057, 1442.659722222222, 6.229239706452664, 42.40077155255333, 95.0, 95.0, 95.0, 95.0, 95.0, 95.0, 95.0, 95.0, 103.1, 162.42694854736328, 0.16689300537109375, 74.2263605268739, 72.66729816772924, 5280.536222997666, -1.8567984812593048, 0.33396602477212955, 9.589052200317383, 13.322973251342773, 13.398408889770508, 13.447284698486328, 17.323017120361328, 131.1115741729736, 161.61260604858398, 161.6347312927246, 161.67826652526855, 2.0101070404052734, 152.07910537719727, 19.890934228897095, 24.255163918851242, 588.312976730343, 4.418923844721455, 18.66412424990172, 13.189530372619629, 13.303184509277344, 13.36219310760498, 13.396024703979492, 13.416528701782227, 13.44599723815918, 13.480806350708008, 17.306804656982422, 24.7373104095459, capAngCart3.pcap
