TotalPackets, totalPacketsIn, totalPacketsOut, totalBytes, totalBytesIn, totalBytesOut, minPacketSize, maxPacketSize, meanPacketSizes, stdevPacketSizes, variancePacketSizes, kurtosisPacketSizes, skewPacketSizes, p10PacketSizes, p20PacketSizes, p30PacketSizes, p40PacketSizes, p50PacketSizes, p60PacketSizes, p70PacketSizes, p80PacketSizes, p90PacketSizes, minPacketSizeOut, maxPacketSizeOut, meanPacketSizesOut, stdevPacketSizesOut, variancePacketSizesOut, skewPacketSizesOut, kurtosisPacketSizesOut, p10PacketSizesOut, p20PacketSizesOut, p30PacketSizesOut, p40PacketSizesOut, p50PacketSizesOut, p60PacketSizesOut, p70PacketSizesOut, p80PacketSizesOut, p90PacketSizesOut, maxIPT, minIPT, meanPacketTimes, stdevPacketTimes, variancePacketTimes, kurtosisPacketTimes, skewPacketTimes, p10PacketTimes, p20PacketTimes, p30PacketTimes, p40PacketTimes, p50PacketTimes, p60PacketTimes, p70PacketTimes, p80PacketTimes, p90PacketTimes, minPacketTimesOut, maxPacketTimesOut, meanPacketTimesOut, stdevPacketTimesOut, variancePacketTimesOut, skewPacketTimesOut, kurtosisPacketTimesOut, p10PacketTimesOut, p20PacketTimesOut, p30PacketTimesOut, p40PacketTimesOut, p50PacketTimesOut, p60PacketTimesOut, p70PacketTimesOut, p80PacketTimesOut, p90PacketTimesOut, Class
242, 118, 124, 24641, 11444, 13197, 95, 739, 101.82231404958678, 47.03846498381515, 2212.617188033604, 142.08369254470875, 11.312964659196872, 95.0, 95.0, 95.0, 95.0, 95.0, 95.0, 95.0, 95.0, 95.0, 95, 739, 106.4274193548387, 64.66154730434374, 4181.115699791883, 8.268807208937213, 73.88989409931607, 95.0, 95.0, 95.0, 95.0, 95.0, 95.0, 95.0, 95.0, 95.0, 216.2480354309082, 0.1900196075439453, 78.17463459315637, 73.20919229054329, 5359.585835833742, -1.8858383434166048, 0.2502240121946678, 9.549140930175781, 13.331174850463867, 13.396978378295898, 13.453960418701172, 21.146059036254883, 161.5769863128662, 161.6380214691162, 161.65494918823242, 161.6690158843994, 8.916139602661133, 216.2480354309082, 21.042906468914403, 29.202022285601128, 852.758105568745, 4.79015646814659, 23.464358971837623, 9.631919860839844, 13.20657730102539, 13.355875015258789, 13.388872146606445, 13.412117958068848, 13.433551788330078, 17.109274864196777, 17.409420013427734, 24.842023849487305, capAngCart1.pcap
