TotalPackets, totalPacketsIn, totalPacketsOut, totalBytes, totalBytesIn, totalBytesOut, minPacketSize, maxPacketSize, meanPacketSizes, stdevPacketSizes, variancePacketSizes, kurtosisPacketSizes, skewPacketSizes, p10PacketSizes, p20PacketSizes, p30PacketSizes, p40PacketSizes, p50PacketSizes, p60PacketSizes, p70PacketSizes, p80PacketSizes, p90PacketSizes, minPacketSizeOut, maxPacketSizeOut, meanPacketSizesOut, stdevPacketSizesOut, variancePacketSizesOut, skewPacketSizesOut, kurtosisPacketSizesOut, p10PacketSizesOut, p20PacketSizesOut, p30PacketSizesOut, p40PacketSizesOut, p50PacketSizesOut, p60PacketSizesOut, p70PacketSizesOut, p80PacketSizesOut, p90PacketSizesOut, maxIPT, minIPT, meanPacketTimes, stdevPacketTimes, variancePacketTimes, kurtosisPacketTimes, skewPacketTimes, p10PacketTimes, p20PacketTimes, p30PacketTimes, p40PacketTimes, p50PacketTimes, p60PacketTimes, p70PacketTimes, p80PacketTimes, p90PacketTimes, minPacketTimesOut, maxPacketTimesOut, meanPacketTimesOut, stdevPacketTimesOut, variancePacketTimesOut, skewPacketTimesOut, kurtosisPacketTimesOut, p10PacketTimesOut, p20PacketTimesOut, p30PacketTimesOut, p40PacketTimesOut, p50PacketTimesOut, p60PacketTimesOut, p70PacketTimesOut, p80PacketTimesOut, p90PacketTimesOut, Class
242, 118, 124, 24646, 11444, 13202, 95, 744, 101.84297520661157, 47.31859807073273, 2239.0497233795513, 142.9735535514888, 11.351308017039363, 95.0, 95.0, 95.0, 95.0, 95.0, 95.0, 95.0, 95.0, 95.0, 95, 744, 106.46774193548387, 65.05635714193167, 4232.329604578564, 8.29451004837213, 74.32610725385703, 95.0, 95.0, 95.0, 95.0, 95.0, 95.0, 95.0, 95.0, 95.0, 337.4929428100586, 0.186920166015625, 79.5810578769668, 75.18284810560864, 5652.460649271021, -1.4195281260143995, 0.35470948966866367, 9.524106979370117, 13.276815414428711, 13.419151306152344, 13.55600357055664, 20.757198333740234, 161.5910530090332, 161.6511344909668, 161.67020797729492, 161.68212890625, 7.281064987182617, 337.4929428100586, 21.85243175875756, 36.83297860056617, 1356.6683125897657, 6.23990916807036, 44.48753418175421, 9.56869125366211, 13.255071640014648, 13.287997245788574, 13.344621658325195, 13.440132141113281, 13.50698471069336, 16.424703598022457, 17.348384857177734, 24.28209781646729, cap1Corrupt.pcap
