corr_mean,corr_std,corr_median,corr_percentile_25,corr_percentile_75,corr_max,corr_min,corr_skewness,corr_kurtosis,num_clusters,total_length,average_length,total_time,average_time_gap
-0.0012508618578083493,0.6014051525203694,0.0,-1.616146706813089e-17,3.232293413626178e-17,0.9999999999999998,-0.9999999999999998,0.007280857419091936,-0.4151117719129651,1,2.9254209995269775,2.9254209995269775,2.9254209995269775,0
