corr_mean,corr_std,corr_median,corr_percentile_25,corr_percentile_75,corr_max,corr_min,corr_skewness,corr_kurtosis,num_clusters,total_length,average_length,total_time,average_time_gap
-0.005102209561076302,0.2512360180332906,0.0,-2.7614387094503957e-17,1.3807193547251979e-17,0.964578856876938,-0.9459459459459459,-0.054544175228864095,4.310294110814513,1,0.26754188537597656,0.26754188537597656,0.26754188537597656,0
