corr_mean,corr_std,corr_median,corr_percentile_25,corr_percentile_75,corr_max,corr_min,corr_skewness,corr_kurtosis,num_clusters,total_length,average_length,total_time,average_time_gap
-0.0011022238419080227,0.5787181955703372,0.0,-1.7267324249855102e-17,3.453464849971021e-17,1.0,-0.9999999999999999,0.006228518371002451,-0.23084140959505106,1,2.875119924545288,2.875119924545288,2.875119924545288,0
