corr_mean,corr_std,corr_median,corr_percentile_25,corr_percentile_75,corr_max,corr_min,corr_skewness,corr_kurtosis,num_clusters,total_length,average_length,total_time,average_time_gap
-0.00027229842630138365,0.5733337244986535,3.320238530684308e-17,0.0,3.320238530684308e-17,0.9999999999999998,-0.9999999999999998,0.003541822689362509,-0.15052990852054693,1,2.850162982940674,2.850162982940674,2.850162982940674,0
