corr_mean,corr_std,corr_median,corr_percentile_25,corr_percentile_75,corr_max,corr_min,corr_skewness,corr_kurtosis,num_clusters,total_length,average_length,total_time,average_time_gap
-0.0011717583421126162,0.7216142254365558,0.0,-0.7437614456697853,0.7142510102696126,0.9999999999999999,-0.9999999999999998,0.005772249397552403,-1.1444691269166034,2,5.8336100578308105,2.9168050289154053,29.656403064727783,23.822793006896973
