corr_mean,corr_std,corr_median,corr_percentile_25,corr_percentile_75,corr_max,corr_min,corr_skewness,corr_kurtosis,num_clusters,total_length,average_length,total_time,average_time_gap
-0.002318495940742979,0.5734523948277825,0.0,-3.460555169653035e-17,3.460555169653035e-17,1.0,-0.9999999999999999,0.009384613101829585,-0.18208178109350426,1,2.8502449989318848,2.8502449989318848,2.8502449989318848,0
