corr_mean,corr_std,corr_median,corr_percentile_25,corr_percentile_75,corr_max,corr_min,corr_skewness,corr_kurtosis,num_clusters,total_length,average_length,total_time,average_time_gap
-0.001043229802585244,0.6958071348687361,0.0,-0.4710201561774023,0.4607607817074575,0.9999999999999999,-0.9999999999999997,0.005461949971021898,-1.0030040846407655,2,5.95037579536438,2.97518789768219,34.37760901451111,28.42723321914673
