corr_mean,corr_std,corr_median,corr_percentile_25,corr_percentile_75,corr_max,corr_min,corr_skewness,corr_kurtosis,num_clusters,total_length,average_length,total_time,average_time_gap
-0.0007742725821580312,0.6955519566017819,0.0,-0.4710562351721581,0.49841579692241894,0.9999999999999999,-0.9999999999999999,0.005637658582700652,-1.0122997238208955,1,5.996596813201904,5.996596813201904,5.996596813201904,0
