corr_mean,corr_std,corr_median,corr_percentile_25,corr_percentile_75,corr_max,corr_min,corr_skewness,corr_kurtosis,num_clusters,total_length,average_length,total_time,average_time_gap
-0.0026019088406514755,0.24957914239883525,0.0,-4.956331601431391e-17,0.0,0.9645788568769381,-0.9459459459459457,0.006736523846532295,4.721972247995784,1,0.26813697814941406,0.26813697814941406,0.26813697814941406,0
