corr_mean,corr_std,corr_median,corr_percentile_25,corr_percentile_75,corr_max,corr_min,corr_skewness,corr_kurtosis,num_clusters,total_length,average_length,total_time,average_time_gap
-0.004301556993315325,0.26385512007147244,0.0,0.0,4.501180629251752e-17,1.0,-1.0,-0.03341318787225257,4.592189080223329,1,0.4145030975341797,0.4145030975341797,0.4145030975341797,0
