corr_mean,corr_std,corr_median,corr_percentile_25,corr_percentile_75,corr_max,corr_min,corr_skewness,corr_kurtosis,num_clusters,total_length,average_length,total_time,average_time_gap
-0.004136494285016361,0.2681908439286579,0.0,-1.3454284040834535e-17,2.6908568081669074e-17,0.9645788568769381,-0.9459459459459459,-0.018109253315557797,3.422391636909869,1,0.268949031829834,0.268949031829834,0.268949031829834,0
