corr_mean,corr_std,corr_median,corr_percentile_25,corr_percentile_75,corr_max,corr_min,corr_skewness,corr_kurtosis,num_clusters,total_length,average_length,total_time,average_time_gap
-0.00014832672130820826,0.6964886770289807,0.0,-0.4709479981878908,0.49138633220152306,1.0,-1.0,0.003636623019379357,-1.0069936766584535,1,5.975560903549194,5.975560903549194,5.975560903549194,0
