corr_mean,corr_std,corr_median,corr_percentile_25,corr_percentile_75,corr_max,corr_min,corr_skewness,corr_kurtosis,num_clusters,total_length,average_length,total_time,average_time_gap
-0.0019011625338295965,0.21144210589902251,0.0,-3.2207781395305704e-17,3.2207781395305704e-17,0.9856222548132666,-0.9828721869343217,0.01479077573406694,6.262442283410039,1,0.26752185821533203,0.26752185821533203,0.26752185821533203,0
