TotalPackets, totalPacketsIn, totalPacketsOut, totalBytes, totalBytesIn, totalBytesOut, minPacketSize, maxPacketSize, meanPacketSizes, stdevPacketSizes, variancePacketSizes, kurtosisPacketSizes, skewPacketSizes, p10PacketSizes, p20PacketSizes, p30PacketSizes, p40PacketSizes, p50PacketSizes, p60PacketSizes, p70PacketSizes, p80PacketSizes, p90PacketSizes, minPacketSizeOut, maxPacketSizeOut, meanPacketSizesOut, stdevPacketSizesOut, variancePacketSizesOut, skewPacketSizesOut, kurtosisPacketSizesOut, p10PacketSizesOut, p20PacketSizesOut, p30PacketSizesOut, p40PacketSizesOut, p50PacketSizesOut, p60PacketSizesOut, p70PacketSizesOut, p80PacketSizesOut, p90PacketSizesOut, maxIPT, minIPT, meanPacketTimes, stdevPacketTimes, variancePacketTimes, kurtosisPacketTimes, skewPacketTimes, p10PacketTimes, p20PacketTimes, p30PacketTimes, p40PacketTimes, p50PacketTimes, p60PacketTimes, p70PacketTimes, p80PacketTimes, p90PacketTimes, minPacketTimesOut, maxPacketTimesOut, meanPacketTimesOut, stdevPacketTimesOut, variancePacketTimesOut, skewPacketTimesOut, kurtosisPacketTimesOut, p10PacketTimesOut, p20PacketTimesOut, p30PacketTimesOut, p40PacketTimesOut, p50PacketTimesOut, p60PacketTimesOut, p70PacketTimesOut, p80PacketTimesOut, p90PacketTimesOut, Class
61, 28, 33, 7305, 2838, 4467, 95, 724, 119.75409836065573, 88.93627406103303, 7909.660843859176, 33.34505755069139, 5.605887969199631, 95.0, 95.0, 95.0, 95.0, 95.0, 95.0, 104.0, 104.0, 169.0, 95, 724, 135.36363636363637, 117.65043707675981, 13841.62534435262, 4.076978404467979, 16.664742845476006, 95.0, 95.0, 95.0, 95.0, 95.0, 95.0, 104.0, 143.4000000000001, 169.0, 163.76185417175293, 0.1850128173828125, 53.46588293711344, 65.91820372093257, 4345.209581794368, -0.9957324138347969, 0.9473592435099418, 0.23450851440429688, 0.3606319427490235, 13.33613395690918, 13.386392593383789, 15.729546546936035, 24.78337287902832, 29.744100570678697, 161.64231300354004, 161.66505813598633, 0.2961158752441406, 163.76185417175293, 24.96340058066628, 32.097812701151646, 1030.269580198212, 3.4788339618383826, 11.173495488518064, 13.235807418823242, 13.349151611328125, 13.382148742675781, 13.38963508605957, 14.740943908691406, 18.552446365356445, 23.709249496459957, 26.05233192443848, 28.04102897644043, capSeqCart1.pcap
