corr_mean,corr_std,corr_median,corr_percentile_25,corr_percentile_75,corr_max,corr_min,corr_skewness,corr_kurtosis,num_clusters,total_length,average_length,total_time,average_time_gap
0.0008083504254894887,0.3183912535912994,0.0,-1.5213368115272256e-17,3.042673623054451e-17,1.0,-1.0,0.01815838862405309,4.6077475790955615,1,0.5636100769042969,0.5636100769042969,0.5636100769042969,0
