corr_mean,corr_std,corr_median,corr_percentile_25,corr_percentile_75,corr_max,corr_min,corr_skewness,corr_kurtosis,num_clusters,total_length,average_length,total_time,average_time_gap
0.0005486084720220635,0.4945282042897251,0.0,-1.748955410093017e-17,3.497910820186034e-17,1.0,-0.9999999999999999,0.004559932851600709,0.7104962038584475,2,2.192742109298706,1.096371054649353,7.071566104888916,4.87882399559021
