corr_mean,corr_std,corr_median,corr_percentile_25,corr_percentile_75,corr_max,corr_min,corr_skewness,corr_kurtosis,num_clusters,total_length,average_length,total_time,average_time_gap
-0.0005324289941838584,0.5721454877060833,0.0,-4.408749929748245e-17,2.2043749648741226e-17,0.9999999999999999,-0.9999999999999999,0.005290740641998419,-0.11010163412911567,2,5.200109958648682,2.600054979324341,23.699030876159668,18.498920917510986
