corr_mean,corr_std,corr_median,corr_percentile_25,corr_percentile_75,corr_max,corr_min,corr_skewness,corr_kurtosis,num_clusters,total_length,average_length,total_time,average_time_gap
0.0007007431991039892,0.32018829199260196,0.0,-3.0427824151749454e-17,3.042782415174946e-17,1.0,-1.0,0.02928965052827637,4.482843182263834,1,0.713371992111206,0.713371992111206,0.713371992111206,0
