corr_mean,corr_std,corr_median,corr_percentile_25,corr_percentile_75,corr_max,corr_min,corr_skewness,corr_kurtosis,num_clusters,total_length,average_length,total_time,average_time_gap
0.00010016187301744462,0.4823580454123952,3.5572619524683825e-17,0.0,3.5572619524683825e-17,0.9999999999999999,-0.9999999999999999,0.0028855323800471774,0.9239508652895605,2,2.200256109237671,1.1001280546188354,9.45034909248352,7.25009298324585
