corr_mean,corr_std,corr_median,corr_percentile_25,corr_percentile_75,corr_max,corr_min,corr_skewness,corr_kurtosis,num_clusters,total_length,average_length,total_time,average_time_gap
-0.0007523557971768547,0.4339612679413215,0.0,0.0,0.0,0.9999999999999999,-0.9999999999999999,0.0056394463629763835,1.666302553514524,1,2.1753129959106445,2.1753129959106445,2.1753129959106445,0
