corr_mean,corr_std,corr_median,corr_percentile_25,corr_percentile_75,corr_max,corr_min,corr_skewness,corr_kurtosis,num_clusters,total_length,average_length,total_time,average_time_gap
-0.00014661448270119446,0.4583637836851223,0.0,-3.8625409670281113e-17,3.8625409670281113e-17,0.9999999999999998,-1.0,0.004320010091587962,1.2333926633355228,1,2.1753971576690674,2.1753971576690674,2.1753971576690674,0
