corr_mean,corr_std,corr_median,corr_percentile_25,corr_percentile_75,corr_max,corr_min,corr_skewness,corr_kurtosis,num_clusters,total_length,average_length,total_time,average_time_gap
-0.0010229104073430125,0.44042315547686073,0.0,0.0,2.0175446233176933e-17,0.9999999999999997,-1.0,0.007819902226918942,1.5266298214946659,1,2.1986329555511475,2.1986329555511475,2.1986329555511475,0
