corr_mean,corr_std,corr_median,corr_percentile_25,corr_percentile_75,corr_max,corr_min,corr_skewness,corr_kurtosis,num_clusters,total_length,average_length,total_time,average_time_gap
-0.00033796214344759,0.5322276960127533,3.668328761362088e-17,0.0,3.668328761362088e-17,1.0,-1.0,0.005028154465441905,0.3283032711121776,3,3.410984992980957,1.136994997660319,36.69838309288025,16.643699049949646
