corr_mean,corr_std,corr_median,corr_percentile_25,corr_percentile_75,corr_max,corr_min,corr_skewness,corr_kurtosis,num_clusters,total_length,average_length,total_time,average_time_gap
-0.00010488191977059754,0.39048710034907524,0.0,0.0,0.0,1.0,-1.0,0.004624556914794225,2.5602891836066286,2,1.0995419025421143,0.5497709512710571,8.350084066390991,7.250542163848877
