corr_mean,corr_std,corr_median,corr_percentile_25,corr_percentile_75,corr_max,corr_min,corr_skewness,corr_kurtosis,num_clusters,total_length,average_length,total_time,average_time_gap
0.000594792475132087,0.49482011625790984,-3.3398242838653186e-17,-3.339824283865319e-17,0.0,1.0,-1.0,0.0048655135896485974,0.7582328174484112,2,2.239741802215576,1.119870901107788,6.214885950088501,3.975144147872925
