corr_mean,corr_std,corr_median,corr_percentile_25,corr_percentile_75,corr_max,corr_min,corr_skewness,corr_kurtosis,num_clusters,total_length,average_length,total_time,average_time_gap
-0.00023814425378051624,0.2022146106249392,0.0,-1.682373059524577e-17,3.364746119049154e-17,0.9645788568769381,-0.9459459459459458,0.028764211823909334,7.332506041195536,0,0,0,0,0
