corr_mean,corr_std,corr_median,corr_percentile_25,corr_percentile_75,corr_max,corr_min,corr_skewness,corr_kurtosis,num_clusters,total_length,average_length,total_time,average_time_gap
0.0007064833302818028,0.4992093106178106,0.0,-3.325466986788602e-17,1.662733493394301e-17,0.9999999999999999,-0.9999999999999999,0.0018916660183350364,0.697512772382558,2,2.174654006958008,1.087327003479004,5.675570011138916,3.500916004180908
