corr_mean,corr_std,corr_median,corr_percentile_25,corr_percentile_75,corr_max,corr_min,corr_skewness,corr_kurtosis,num_clusters,total_length,average_length,total_time,average_time_gap
9.540282871921096e-06,0.49413884259155627,0.0,-3.350897482160931e-17,3.350897482160931e-17,0.9999999999999999,-0.9999999999999999,0.006068176787427084,0.7898804922026206,2,2.202111005783081,1.1010555028915405,6.17424201965332,3.9721310138702393
