corr_mean,corr_std,corr_median,corr_percentile_25,corr_percentile_75,corr_max,corr_min,corr_skewness,corr_kurtosis,num_clusters,total_length,average_length,total_time,average_time_gap
-0.0010677371515919265,0.43741123058253445,0.0,-3.878841282881909e-17,3.87884128288191e-17,0.9999999999999999,-0.9999999999999999,0.007777718050686513,1.6803394221743284,1,2.200010061264038,2.200010061264038,2.200010061264038,0
