corr_mean,corr_std,corr_median,corr_percentile_25,corr_percentile_75,corr_max,corr_min,corr_skewness,corr_kurtosis,num_clusters,total_length,average_length,total_time,average_time_gap
-0.0013991533163848473,0.3920392155339531,0.0,-5.62209943979377e-17,0.0,0.9999999999999999,-0.9999999999999999,0.010970518959197931,2.31364055211676,2,1.264190912246704,0.632095456123352,12.364558935165405,11.100368022918701
