TotalPackets, totalPacketsIn, totalPacketsOut, totalBytes, totalBytesIn, totalBytesOut, minPacketSize, maxPacketSize, meanPacketSizes, stdevPacketSizes, variancePacketSizes, kurtosisPacketSizes, skewPacketSizes, p10PacketSizes, p20PacketSizes, p30PacketSizes, p40PacketSizes, p50PacketSizes, p60PacketSizes, p70PacketSizes, p80PacketSizes, p90PacketSizes, minPacketSizeOut, maxPacketSizeOut, meanPacketSizesOut, stdevPacketSizesOut, variancePacketSizesOut, skewPacketSizesOut, kurtosisPacketSizesOut, p10PacketSizesOut, p20PacketSizesOut, p30PacketSizesOut, p40PacketSizesOut, p50PacketSizesOut, p60PacketSizesOut, p70PacketSizesOut, p80PacketSizesOut, p90PacketSizesOut, maxIPT, minIPT, meanPacketTimes, stdevPacketTimes, variancePacketTimes, kurtosisPacketTimes, skewPacketTimes, p10PacketTimes, p20PacketTimes, p30PacketTimes, p40PacketTimes, p50PacketTimes, p60PacketTimes, p70PacketTimes, p80PacketTimes, p90PacketTimes, minPacketTimesOut, maxPacketTimesOut, meanPacketTimesOut, stdevPacketTimesOut, variancePacketTimesOut, skewPacketTimesOut, kurtosisPacketTimesOut, p10PacketTimesOut, p20PacketTimesOut, p30PacketTimesOut, p40PacketTimesOut, p50PacketTimesOut, p60PacketTimesOut, p70PacketTimesOut, p80PacketTimesOut, p90PacketTimesOut, Class
58, 26, 32, 7049, 2648, 4401, 95, 678, 121.53448275862068, 85.9936275741008, 7394.90398335315, 28.890198356248252, 5.200283625040732, 95.0, 95.0, 95.0, 95.0, 95.0, 95.0, 104.0, 105.0, 169.0, 95, 678, 137.53125, 112.15585817708097, 12578.9365234375, 3.8203856134489804, 14.669243171798751, 95.0, 95.0, 95.0, 95.0, 95.0, 95.0, 104.0, 169.0, 169.9, 161.8051528930664, 0.18715858459472656, 47.057737383926124, 61.976096203786085, 3841.036500660948, -0.40747128306570346, 1.1878853712533708, 0.23965835571289065, 0.3500938415527344, 9.53512191772461, 13.423538208007812, 17.12489128112793, 22.76625633239746, 28.162288665771474, 150.8762359619143, 161.6507053375244, 0.29921531677246094, 88.84000778198242, 19.407644867897034, 15.522549365331788, 240.94953879916227, 2.7103039211423012, 9.944724934514078, 6.988358497619629, 10.28437614440918, 13.372516632080078, 13.86713981628418, 16.47484302520752, 18.228197097778317, 22.772955894470215, 26.3028621673584, 29.647803306579593, capSeqCart2.pcap
