corr_mean,corr_std,corr_median,corr_percentile_25,corr_percentile_75,corr_max,corr_min,corr_skewness,corr_kurtosis,num_clusters,total_length,average_length,total_time,average_time_gap
-0.0011019978205875026,0.3098774212371041,0.0,-1.852783109314809e-17,0.0,0.9999999999999998,-0.9999999999999998,0.01710190282680603,5.476322169007382,1,1.0692811012268066,1.0692811012268066,1.0692811012268066,0
