corr_mean,corr_std,corr_median,corr_percentile_25,corr_percentile_75,corr_max,corr_min,corr_skewness,corr_kurtosis,num_clusters,total_length,average_length,total_time,average_time_gap
-0.0013745281215089447,0.17989806777797668,0.0,-3.569312956379324e-17,1.784656478189662e-17,0.9856222548132665,-0.9828721869343218,-0.03127511041338252,10.578313684113661,1,0.26919102668762207,0.26919102668762207,0.26919102668762207,0
