corr_mean,corr_std,corr_median,corr_percentile_25,corr_percentile_75,corr_max,corr_min,corr_skewness,corr_kurtosis,num_clusters,total_length,average_length,total_time,average_time_gap
-0.0002956152433283222,0.3087014373558568,0.0,0.0,1.8522248059200196e-17,1.0,-0.9999999999999998,0.01694014832358299,5.697389011243322,1,0.9257340431213379,0.9257340431213379,0.9257340431213379,0
