corr_mean,corr_std,corr_median,corr_percentile_25,corr_percentile_75,corr_max,corr_min,corr_skewness,corr_kurtosis,num_clusters,total_length,average_length,total_time,average_time_gap
-0.00016237364839419275,0.50495133020354,0.0,0.0,6.025569436480854e-17,0.9999999999999999,-0.9999999999999999,0.005388858728202802,0.6820023655833074,3,3.3242557048797607,1.1080852349599202,51.15438795089722,23.915066123008728
