corr_mean,corr_std,corr_median,corr_percentile_25,corr_percentile_75,corr_max,corr_min,corr_skewness,corr_kurtosis,num_clusters,total_length,average_length,total_time,average_time_gap
-0.00034301992542692147,0.1725523133693595,0.0,-3.5726241262092254e-17,1.7863120631046127e-17,0.9856222548132665,-0.9828721869343219,0.027079122163895505,12.43644911203431,0,0,0,0,0
