corr_mean,corr_std,corr_median,corr_percentile_25,corr_percentile_75,corr_max,corr_min,corr_skewness,corr_kurtosis,num_clusters,total_length,average_length,total_time,average_time_gap
9.185126270897198e-05,0.43945918612283186,0.0,-1.9292653734840282e-17,0.0,0.9999999999999999,-0.9999999999999999,0.0024639913546132906,1.735668877634481,2,2.2039589881896973,1.1019794940948486,44.729182958602905,42.52522397041321
