corr_mean,corr_std,corr_median,corr_percentile_25,corr_percentile_75,corr_max,corr_min,corr_skewness,corr_kurtosis,num_clusters,total_length,average_length,total_time,average_time_gap
-0.0005109306412806992,0.42087781308441463,-3.890697548273838e-17,-3.890697548273838e-17,0.0,1.0,-1.0,0.005448290526115614,2.1345205521027646,1,2.150174140930176,2.150174140930176,2.150174140930176,0
