corr_mean,corr_std,corr_median,corr_percentile_25,corr_percentile_75,corr_max,corr_min,corr_skewness,corr_kurtosis,num_clusters,total_length,average_length,total_time,average_time_gap
-0.0009337627348083142,0.5178556962064677,-4.141694786694427e-17,-4.141694786694427e-17,0.0,1.0,-0.9999999999999998,0.009475012964982661,0.5264850702573431,2,3.9492228031158447,1.9746114015579224,9.249866008758545,5.3006432056427
