corr_mean,corr_std,corr_median,corr_percentile_25,corr_percentile_75,corr_max,corr_min,corr_skewness,corr_kurtosis,num_clusters,total_length,average_length,total_time,average_time_gap
-0.0011092625868871738,0.18456021662740965,0.0,-1.7722468082093828e-17,3.5444936164187656e-17,0.9645788568769381,-0.9459459459459458,-0.0301904847594894,10.354819936489593,1,0.2678639888763428,0.2678639888763428,0.2678639888763428,0
