corr_mean,corr_std,corr_median,corr_percentile_25,corr_percentile_75,corr_max,corr_min,corr_skewness,corr_kurtosis,num_clusters,total_length,average_length,total_time,average_time_gap
-0.0005480115042983198,0.18389661915064634,0.0,0.0,3.5587459742722665e-17,0.9856222548132667,-0.9828721869343219,0.008957947380632122,10.669542548993403,1,0.21885299682617188,0.21885299682617188,0.21885299682617188,0
