corr_mean,corr_std,corr_median,corr_percentile_25,corr_percentile_75,corr_max,corr_min,corr_skewness,corr_kurtosis,num_clusters,total_length,average_length,total_time,average_time_gap
-0.0004331560555514043,0.2970346882559468,0.0,-1.8385883267878333e-17,3.6771766535756666e-17,1.0,-1.0,0.033001742651371326,6.278544309128035,1,0.9891059398651123,0.9891059398651123,0.9891059398651123,0
