corr_mean,corr_std,corr_median,corr_percentile_25,corr_percentile_75,corr_max,corr_min,corr_skewness,corr_kurtosis,num_clusters,total_length,average_length,total_time,average_time_gap
-0.0006689028624091185,0.44511702846055395,0.0,0.0,1.8832793774315792e-17,0.9999999999999998,-0.9999999999999998,0.006668870876941221,1.6829958196434278,2,2.2000410556793213,1.1000205278396606,42.50343704223633,40.30339598655701
