corr_mean,corr_std,corr_median,corr_percentile_25,corr_percentile_75,corr_max,corr_min,corr_skewness,corr_kurtosis,num_clusters,total_length,average_length,total_time,average_time_gap
-0.0004396598152828329,0.5061405271707484,0.0,-6.036744113775442e-17,0.0,0.9999999999999999,-0.9999999999999999,0.007309253394377092,0.6618269361869626,3,3.3230690956115723,1.1076896985371907,51.15444993972778,23.915690422058105
