corr_mean,corr_std,corr_median,corr_percentile_25,corr_percentile_75,corr_max,corr_min,corr_skewness,corr_kurtosis,num_clusters,total_length,average_length,total_time,average_time_gap
-0.0007486093067425113,0.4723819575744989,0.0,-4.0113605556632326e-17,0.0,0.9999999999999997,-0.9999999999999999,0.0074456626657682075,1.184223462172553,1,3.0289969444274902,3.0289969444274902,3.0289969444274902,0
