corr_mean,corr_std,corr_median,corr_percentile_25,corr_percentile_75,corr_max,corr_min,corr_skewness,corr_kurtosis,num_clusters,total_length,average_length,total_time,average_time_gap
-0.00020915834255952033,0.4360009125483444,3.82811564215025e-17,0.0,3.8281156421502506e-17,0.9999999999999997,-0.9999999999999997,0.006044679632137095,1.8492412434946335,2,2.2510159015655518,1.1255079507827759,42.531221866607666,40.280205965042114
