corr_mean,corr_std,corr_median,corr_percentile_25,corr_percentile_75,corr_max,corr_min,corr_skewness,corr_kurtosis,num_clusters,total_length,average_length,total_time,average_time_gap
-0.0012388817737873615,0.1866556042398158,0.0,0.0,5.367333914224413e-17,0.9856222548132667,-0.9828721869343219,0.0047809526665948355,10.19989687067536,1,0.2191171646118164,0.2191171646118164,0.2191171646118164,0
