corr_mean,corr_std,corr_median,corr_percentile_25,corr_percentile_75,corr_max,corr_min,corr_skewness,corr_kurtosis,num_clusters,total_length,average_length,total_time,average_time_gap
-0.0002521601225364774,0.4315420987295138,1.959685781323674e-17,0.0,3.919371562647348e-17,0.9999999999999998,-0.9999999999999998,0.007487625782795132,1.8770428063706266,2,2.1970531940460205,1.0985265970230103,44.82789707183838,42.63084387779236
