corr_mean,corr_std,corr_median,corr_percentile_25,corr_percentile_75,corr_max,corr_min,corr_skewness,corr_kurtosis,num_clusters,total_length,average_length,total_time,average_time_gap
-0.0008155446051083692,0.5334453907211959,0.0,-2.045709394943774e-17,4.091418789887548e-17,0.9999999999999999,-0.9999999999999999,0.007344231309623622,0.3337841810590221,2,3.920696973800659,1.9603484869003296,9.225110054016113,5.304413080215454
