corr_mean,corr_std,corr_median,corr_percentile_25,corr_percentile_75,corr_max,corr_min,corr_skewness,corr_kurtosis,num_clusters,total_length,average_length,total_time,average_time_gap
-0.0005545322230942214,0.29514096560872205,0.0,-3.6484648676720915e-17,3.6484648676720915e-17,0.9999999999999999,-0.9999999999999999,0.028720893263203474,6.40261581617445,1,0.9869420528411865,0.9869420528411865,0.9869420528411865,0
