corr_mean,corr_std,corr_median,corr_percentile_25,corr_percentile_75,corr_max,corr_min,corr_skewness,corr_kurtosis,num_clusters,total_length,average_length,total_time,average_time_gap
-0.001048031488562629,0.34575616590212865,3.671148687773613e-17,0.0,3.671148687773613e-17,0.9999999999999998,-0.9999999999999998,0.0060118345400329044,4.102027657543371,1,1.1497421264648438,1.1497421264648438,1.1497421264648438,0
